radius,dx,total_charge,nuc_pos_radius,a,nucs_array,nucs,dim,v_ext,Dens_data_total,Dens_data_up,Dens_data_down,Energy,state,nspindown,dens3_total_wf_YP1,dens3_up_wf_YP1,dens3_down_wf_YP1,dens3_total_wf_YP2,dens3_up_wf_YP2,dens3_down_wf_YP2,Energy_2dExState,points,N
11.5,0.1,3,4.0,1,"[['1' '1' '1']
 ['-3.198824952949975' '-1.1725911208414486' '-3.220188170087039']]",3,1,"[-0.33588348 -0.33969845 -0.34360124 -0.3475949  -0.35168266 -0.35586788
 -0.36015409 -0.36454499 -0.36904446 -0.37365658 -0.37838563 -0.38323612
 -0.38821277 -0.39332058 -0.3985648  -0.40395096 -0.40948489 -0.41517275
 -0.42102106 -0.42703668 -0.43322688 -0.43959937 -0.4461623  -0.45292431
 -0.45989458 -0.46708285 -0.47449947 -0.48215547 -0.49006256 -0.49823327
 -0.50668092 -0.51541976 -0.52446502 -0.533833   -0.54354117 -0.55360824
 -0.56405432 -0.57490102 -0.5861716  -0.59789112 -0.61008662 -0.62278729
 -0.63602471 -0.64983309 -0.66424952 -0.67931427 -0.69507112 -0.71156775
 -0.72885613 -0.74699301 -0.76604042 -0.78606625 -0.80714492 -0.82935806
 -0.85279533 -0.87755532 -0.90374644 -0.93148803 -0.96091142 -0.99216112
 -1.02539591 -1.06079002 -1.09853398 -1.1388353  -1.18191844 -1.22802389
 -1.27740577 -1.33032711 -1.38705162 -1.44783053 -1.51288207 -1.58236092
 -1.65631403 -1.73461907 -1.8169023  -1.90243557 -1.99001803 -2.0778604
 -2.16350665 -2.24384784 -2.31529304 -2.37414368 -2.41715313 -2.44215281
 -2.44854295 -2.43745483 -2.4115144  -2.37430714 -2.32974762 -2.28154411
 -2.23285582 -2.18614374 -2.14316029 -2.10501146 -2.07223825 -2.0448854
 -2.02254384 -2.00436893 -1.98908958 -1.97503562 -1.96021884 -1.9425002
 -1.91985188 -1.89067607 -1.8540931  -1.81009429 -1.75949693 -1.70372174
 -1.64448277 -1.58349472 -1.52226637 -1.46199727 -1.40355854 -1.34752546
 -1.29423291 -1.24383457 -1.19635552 -1.15173465 -1.1098567  -1.07057532
 -1.03372896 -0.9991516  -0.96667952 -0.93615557 -0.90743144 -0.88036887
 -0.85484001 -0.83072727 -0.80792293 -0.78632849 -0.76585409 -0.74641771
 -0.72794457 -0.71036643 -0.69362102 -0.67765142 -0.66240557 -0.64783584
 -0.63389853 -0.62055355 -0.60776406 -0.59549614 -0.58371854 -0.57240244
 -0.56152119 -0.55105014 -0.54096646 -0.53124897 -0.52187799 -0.51283524
 -0.50410368 -0.49566743 -0.48751169 -0.47962261 -0.47198725 -0.46459348
 -0.45742996 -0.45048602 -0.44375165 -0.43721746 -0.43087458 -0.42471469
 -0.41872993 -0.41291288 -0.40725656 -0.40175434 -0.39639998 -0.39118755
 -0.38611145 -0.38116638 -0.37634728 -0.37164938 -0.36706814 -0.36259924
 -0.35823856 -0.35398222 -0.34982647 -0.34576779 -0.34180278 -0.33792823
 -0.33414106 -0.33043833 -0.32681723 -0.32327508 -0.31980931 -0.31641746
 -0.31309719 -0.30984623 -0.30666244 -0.30354374 -0.30048814 -0.29749375
 -0.29455872 -0.29168132 -0.28885984 -0.28609267 -0.28337825 -0.28071507
 -0.2781017  -0.27553674 -0.27301886 -0.27054676 -0.26811921 -0.265735
 -0.26339298 -0.26109204 -0.2588311  -0.25660913 -0.25442511 -0.25227809
 -0.25016713 -0.24809132 -0.2460498  -0.24404171 -0.24206623 -0.24012259
 -0.23821001 -0.23632774 -0.23447508 -0.23265133 -0.23085582 -0.22908789
 -0.2273469  -0.22563226 -0.22394335 -0.22227962 -0.22064048 -0.21902541
 -0.21743387 -0.21586536 -0.21431937]","[3.66805002e-13 1.70868669e-12 4.19434366e-12 8.16860468e-12
 1.41393780e-11 2.29537864e-11 3.57049737e-11 5.41819124e-11
 8.07004116e-11 1.18882418e-10 1.73581399e-10 2.52144416e-10
 3.64569541e-10 5.25834931e-10 7.56334106e-10 1.08652554e-09
 1.55803259e-09 2.23227037e-09 3.19410254e-09 4.56733584e-09
 6.52434462e-09 9.31367339e-09 1.32839340e-08 1.89333367e-08
 2.69636313e-08 3.83716383e-08 5.45618128e-08 7.75235733e-08
 1.10055488e-07 1.56110374e-07 2.21240711e-07 3.13267378e-07
 4.43151947e-07 6.26290557e-07 8.84217343e-07 1.24708220e-06
 1.75696425e-06 2.47256116e-06 3.47556693e-06 4.87953730e-06
 6.84202269e-06 9.58119381e-06 1.33986296e-05 1.87102560e-05
 2.60885645e-05 3.63196341e-05 5.04803502e-05 7.00418823e-05
 9.70089895e-05 1.34104863e-04 1.85017881e-04 2.54725921e-04
 3.49924259e-04 4.79581300e-04 6.55662501e-04 8.94056458e-04
 1.21576048e-03 1.64837018e-03 2.22794199e-03 3.00127664e-03
 4.02868818e-03 5.38727455e-03 7.17470935e-03 9.51346196e-03
 1.25553170e-02 1.64858643e-02 2.15284843e-02 2.79470365e-02
 3.60462219e-02 4.61680517e-02 5.86827323e-02 7.39715993e-02
 9.24000889e-02 1.14278622e-01 1.39810830e-01 1.69030175e-01
 2.01730177e-01 2.37397179e-01 2.75161088e-01 3.13782156e-01
 3.51693362e-01 3.87110025e-01 4.18203473e-01 4.43314105e-01
 4.61160749e-01 4.70996886e-01 4.72676843e-01 4.66622472e-01
 4.53708529e-01 4.35104102e-01 4.12108183e-01 3.86009604e-01
 3.57985586e-01 3.29042107e-01 2.99990207e-01 2.71449149e-01
 2.43867129e-01 2.17550933e-01 1.92698792e-01 1.69431418e-01
 1.47818744e-01 1.27899826e-01 1.09695472e-01 9.32132453e-02
 7.84466267e-02 6.53704181e-02 5.39357141e-02 4.40667942e-02
 3.56617868e-02 2.85968706e-02 2.27331463e-02 1.79245267e-02
 1.40253026e-02 1.08963400e-02 8.40955321e-03 6.45055296e-03
 4.91979904e-03 3.73253366e-03 2.81793787e-03 2.11778260e-03
 1.58486306e-03 1.18137570e-03 8.77374550e-04 6.49361929e-04
 4.79058857e-04 3.52352887e-04 2.58424407e-04 1.89028986e-04
 1.37920695e-04 1.00391677e-04 7.29104286e-05 5.28393248e-05
 3.82163125e-05 2.75872371e-05 1.98782036e-05 1.42985873e-05
 1.02681615e-05 7.36220363e-06 5.27073234e-06 3.76797993e-06
 2.68998451e-06 1.91786808e-06 1.36565257e-06 9.71259965e-07
 6.89961780e-07 4.89584977e-07 3.47026628e-07 2.45724777e-07
 1.73821320e-07 1.22839310e-07 8.67310064e-08 6.11804793e-08
 4.31206750e-08 3.03659817e-08 2.13673257e-08 1.50230264e-08
 1.05549640e-08 7.40988559e-09 5.19871746e-09 3.64459152e-09
 2.55364330e-09 1.78769410e-09 1.25101196e-09 8.74564587e-10
 6.11323214e-10 4.26833874e-10 2.98058800e-10 2.07858980e-10
 1.45027906e-10 1.01025223e-10 7.04266784e-11 4.89903326e-11
 3.41169211e-11 2.37080720e-11 1.65055764e-11 1.14537095e-11
 7.97554731e-12 5.52464194e-12 3.84959252e-12 2.66185208e-12
 1.85659777e-12 1.28204912e-12 8.95593549e-13 6.16225929e-13
 4.29051949e-13 2.92387127e-13 2.04304211e-13 1.37886867e-13
 9.74174016e-14 6.55054488e-14 4.73038424e-14 3.11521743e-14
 2.29618926e-14 1.44022452e-14 1.08297279e-14 6.59779585e-15
 5.15904941e-15 3.00403221e-15 2.53162901e-15 1.39633138e-15
 1.29383372e-15 6.67622369e-16 7.53374185e-16 3.72439672e-16
 5.04453383e-16 1.79266768e-16 2.82726628e-16 6.74361575e-17
 1.36627579e-16 1.94669132e-17 5.74966626e-17 5.71942330e-18
 4.89673022e-17 7.78277695e-18 3.76427828e-17 5.47905930e-19
 1.00942968e-17 6.60636688e-18 4.35157759e-18 6.75431310e-18
 1.59846470e-18 1.17462832e-17 2.96588214e-18 2.20939776e-18
 4.44885692e-18 9.05269771e-19 2.73371819e-18 3.68139473e-22
 1.54589743e-19 2.92885268e-19 4.13276763e-18]","[3.66805002e-13 1.70868669e-12 4.19434366e-12 8.16860468e-12
 1.41393780e-11 2.29537864e-11 3.57049737e-11 5.41819124e-11
 8.07004116e-11 1.18882418e-10 1.73581399e-10 2.52144416e-10
 3.64569541e-10 5.25834931e-10 7.56334106e-10 1.08652554e-09
 1.55803259e-09 2.23227037e-09 3.19410254e-09 4.56733584e-09
 6.52434462e-09 9.31367339e-09 1.32839340e-08 1.89333367e-08
 2.69636313e-08 3.83716383e-08 5.45618128e-08 7.75235733e-08
 1.10055488e-07 1.56110374e-07 2.21240711e-07 3.13267378e-07
 4.43151947e-07 6.26290557e-07 8.84217343e-07 1.24708220e-06
 1.75696425e-06 2.47256116e-06 3.47556693e-06 4.87953730e-06
 6.84202269e-06 9.58119381e-06 1.33986296e-05 1.87102560e-05
 2.60885645e-05 3.63196341e-05 5.04803502e-05 7.00418823e-05
 9.70089895e-05 1.34104863e-04 1.85017881e-04 2.54725921e-04
 3.49924259e-04 4.79581300e-04 6.55662501e-04 8.94056458e-04
 1.21576048e-03 1.64837018e-03 2.22794199e-03 3.00127664e-03
 4.02868818e-03 5.38727455e-03 7.17470935e-03 9.51346196e-03
 1.25553170e-02 1.64858643e-02 2.15284843e-02 2.79470365e-02
 3.60462219e-02 4.61680517e-02 5.86827323e-02 7.39715993e-02
 9.24000889e-02 1.14278622e-01 1.39810830e-01 1.69030175e-01
 2.01730177e-01 2.37397179e-01 2.75161088e-01 3.13782156e-01
 3.51693362e-01 3.87110025e-01 4.18203473e-01 4.43314105e-01
 4.61160749e-01 4.70996886e-01 4.72676843e-01 4.66622472e-01
 4.53708529e-01 4.35104102e-01 4.12108183e-01 3.86009604e-01
 3.57985586e-01 3.29042107e-01 2.99990207e-01 2.71449149e-01
 2.43867129e-01 2.17550933e-01 1.92698792e-01 1.69431418e-01
 1.47818744e-01 1.27899826e-01 1.09695472e-01 9.32132453e-02
 7.84466267e-02 6.53704181e-02 5.39357141e-02 4.40667942e-02
 3.56617868e-02 2.85968706e-02 2.27331463e-02 1.79245267e-02
 1.40253026e-02 1.08963400e-02 8.40955321e-03 6.45055296e-03
 4.91979904e-03 3.73253366e-03 2.81793787e-03 2.11778260e-03
 1.58486306e-03 1.18137570e-03 8.77374550e-04 6.49361929e-04
 4.79058857e-04 3.52352887e-04 2.58424407e-04 1.89028986e-04
 1.37920695e-04 1.00391677e-04 7.29104286e-05 5.28393248e-05
 3.82163125e-05 2.75872371e-05 1.98782036e-05 1.42985873e-05
 1.02681615e-05 7.36220363e-06 5.27073234e-06 3.76797993e-06
 2.68998451e-06 1.91786808e-06 1.36565257e-06 9.71259965e-07
 6.89961780e-07 4.89584977e-07 3.47026628e-07 2.45724777e-07
 1.73821320e-07 1.22839310e-07 8.67310064e-08 6.11804793e-08
 4.31206750e-08 3.03659817e-08 2.13673257e-08 1.50230264e-08
 1.05549640e-08 7.40988559e-09 5.19871746e-09 3.64459152e-09
 2.55364330e-09 1.78769410e-09 1.25101196e-09 8.74564587e-10
 6.11323214e-10 4.26833874e-10 2.98058800e-10 2.07858980e-10
 1.45027906e-10 1.01025223e-10 7.04266784e-11 4.89903326e-11
 3.41169211e-11 2.37080720e-11 1.65055764e-11 1.14537095e-11
 7.97554731e-12 5.52464194e-12 3.84959252e-12 2.66185208e-12
 1.85659777e-12 1.28204912e-12 8.95593549e-13 6.16225929e-13
 4.29051949e-13 2.92387127e-13 2.04304211e-13 1.37886867e-13
 9.74174016e-14 6.55054488e-14 4.73038424e-14 3.11521743e-14
 2.29618926e-14 1.44022452e-14 1.08297279e-14 6.59779585e-15
 5.15904941e-15 3.00403221e-15 2.53162901e-15 1.39633138e-15
 1.29383372e-15 6.67622369e-16 7.53374185e-16 3.72439672e-16
 5.04453383e-16 1.79266768e-16 2.82726628e-16 6.74361575e-17
 1.36627579e-16 1.94669132e-17 5.74966626e-17 5.71942330e-18
 4.89673022e-17 7.78277695e-18 3.76427828e-17 5.47905930e-19
 1.00942968e-17 6.60636688e-18 4.35157759e-18 6.75431310e-18
 1.59846470e-18 1.17462832e-17 2.96588214e-18 2.20939776e-18
 4.44885692e-18 9.05269771e-19 2.73371819e-18 3.68139473e-22
 1.54589743e-19 2.92885268e-19 4.13276763e-18]","[0. 0. 0. 0. 0. 0. 0. 0. 0. 0. 0. 0. 0. 0. 0. 0. 0. 0. 0. 0. 0. 0. 0. 0.
 0. 0. 0. 0. 0. 0. 0. 0. 0. 0. 0. 0. 0. 0. 0. 0. 0. 0. 0. 0. 0. 0. 0. 0.
 0. 0. 0. 0. 0. 0. 0. 0. 0. 0. 0. 0. 0. 0. 0. 0. 0. 0. 0. 0. 0. 0. 0. 0.
 0. 0. 0. 0. 0. 0. 0. 0. 0. 0. 0. 0. 0. 0. 0. 0. 0. 0. 0. 0. 0. 0. 0. 0.
 0. 0. 0. 0. 0. 0. 0. 0. 0. 0. 0. 0. 0. 0. 0. 0. 0. 0. 0. 0. 0. 0. 0. 0.
 0. 0. 0. 0. 0. 0. 0. 0. 0. 0. 0. 0. 0. 0. 0. 0. 0. 0. 0. 0. 0. 0. 0. 0.
 0. 0. 0. 0. 0. 0. 0. 0. 0. 0. 0. 0. 0. 0. 0. 0. 0. 0. 0. 0. 0. 0. 0. 0.
 0. 0. 0. 0. 0. 0. 0. 0. 0. 0. 0. 0. 0. 0. 0. 0. 0. 0. 0. 0. 0. 0. 0. 0.
 0. 0. 0. 0. 0. 0. 0. 0. 0. 0. 0. 0. 0. 0. 0. 0. 0. 0. 0. 0. 0. 0. 0. 0.
 0. 0. 0. 0. 0. 0. 0. 0. 0. 0. 0. 0. 0. 0. 0.]",-2.00012,['1 (?)'],[[0]],,,,,,,,"[-1.15000000e+01 -1.14000000e+01 -1.13000000e+01 -1.12000000e+01
 -1.11000000e+01 -1.10000000e+01 -1.09000000e+01 -1.08000000e+01
 -1.07000000e+01 -1.06000000e+01 -1.05000000e+01 -1.04000000e+01
 -1.03000000e+01 -1.02000000e+01 -1.01000000e+01 -1.00000000e+01
 -9.90000000e+00 -9.80000000e+00 -9.70000000e+00 -9.60000000e+00
 -9.50000000e+00 -9.40000000e+00 -9.30000000e+00 -9.20000000e+00
 -9.10000000e+00 -9.00000000e+00 -8.90000000e+00 -8.80000000e+00
 -8.70000000e+00 -8.60000000e+00 -8.50000000e+00 -8.40000000e+00
 -8.30000000e+00 -8.20000000e+00 -8.10000000e+00 -8.00000000e+00
 -7.90000000e+00 -7.80000000e+00 -7.70000000e+00 -7.60000000e+00
 -7.50000000e+00 -7.40000000e+00 -7.30000000e+00 -7.20000000e+00
 -7.10000000e+00 -7.00000000e+00 -6.90000000e+00 -6.80000000e+00
 -6.70000000e+00 -6.60000000e+00 -6.50000000e+00 -6.40000000e+00
 -6.30000000e+00 -6.20000000e+00 -6.10000000e+00 -6.00000000e+00
 -5.90000000e+00 -5.80000000e+00 -5.70000000e+00 -5.60000000e+00
 -5.50000000e+00 -5.40000000e+00 -5.30000000e+00 -5.20000000e+00
 -5.10000000e+00 -5.00000000e+00 -4.90000000e+00 -4.80000000e+00
 -4.70000000e+00 -4.60000000e+00 -4.50000000e+00 -4.40000000e+00
 -4.30000000e+00 -4.20000000e+00 -4.10000000e+00 -4.00000000e+00
 -3.90000000e+00 -3.80000000e+00 -3.70000000e+00 -3.60000000e+00
 -3.50000000e+00 -3.40000000e+00 -3.30000000e+00 -3.20000000e+00
 -3.10000000e+00 -3.00000000e+00 -2.90000000e+00 -2.80000000e+00
 -2.70000000e+00 -2.60000000e+00 -2.50000000e+00 -2.40000000e+00
 -2.30000000e+00 -2.20000000e+00 -2.10000000e+00 -2.00000000e+00
 -1.90000000e+00 -1.80000000e+00 -1.70000000e+00 -1.60000000e+00
 -1.50000000e+00 -1.40000000e+00 -1.30000000e+00 -1.20000000e+00
 -1.10000000e+00 -1.00000000e+00 -9.00000000e-01 -8.00000000e-01
 -7.00000000e-01 -6.00000000e-01 -5.00000000e-01 -4.00000000e-01
 -3.00000000e-01 -2.00000000e-01 -1.00000000e-01 -4.08562073e-14
  1.00000000e-01  2.00000000e-01  3.00000000e-01  4.00000000e-01
  5.00000000e-01  6.00000000e-01  7.00000000e-01  8.00000000e-01
  9.00000000e-01  1.00000000e+00  1.10000000e+00  1.20000000e+00
  1.30000000e+00  1.40000000e+00  1.50000000e+00  1.60000000e+00
  1.70000000e+00  1.80000000e+00  1.90000000e+00  2.00000000e+00
  2.10000000e+00  2.20000000e+00  2.30000000e+00  2.40000000e+00
  2.50000000e+00  2.60000000e+00  2.70000000e+00  2.80000000e+00
  2.90000000e+00  3.00000000e+00  3.10000000e+00  3.20000000e+00
  3.30000000e+00  3.40000000e+00  3.50000000e+00  3.60000000e+00
  3.70000000e+00  3.80000000e+00  3.90000000e+00  4.00000000e+00
  4.10000000e+00  4.20000000e+00  4.30000000e+00  4.40000000e+00
  4.50000000e+00  4.60000000e+00  4.70000000e+00  4.80000000e+00
  4.90000000e+00  5.00000000e+00  5.10000000e+00  5.20000000e+00
  5.30000000e+00  5.40000000e+00  5.50000000e+00  5.60000000e+00
  5.70000000e+00  5.80000000e+00  5.90000000e+00  6.00000000e+00
  6.10000000e+00  6.20000000e+00  6.30000000e+00  6.40000000e+00
  6.50000000e+00  6.60000000e+00  6.70000000e+00  6.80000000e+00
  6.90000000e+00  7.00000000e+00  7.10000000e+00  7.20000000e+00
  7.30000000e+00  7.40000000e+00  7.50000000e+00  7.60000000e+00
  7.70000000e+00  7.80000000e+00  7.90000000e+00  8.00000000e+00
  8.10000000e+00  8.20000000e+00  8.30000000e+00  8.40000000e+00
  8.50000000e+00  8.60000000e+00  8.70000000e+00  8.80000000e+00
  8.90000000e+00  9.00000000e+00  9.10000000e+00  9.20000000e+00
  9.30000000e+00  9.40000000e+00  9.50000000e+00  9.60000000e+00
  9.70000000e+00  9.80000000e+00  9.90000000e+00  1.00000000e+01
  1.01000000e+01  1.02000000e+01  1.03000000e+01  1.04000000e+01
  1.05000000e+01  1.06000000e+01  1.07000000e+01  1.08000000e+01
  1.09000000e+01  1.10000000e+01  1.11000000e+01  1.12000000e+01
  1.13000000e+01  1.14000000e+01  1.15000000e+01]",231
11.5,0.1,3,4.0,1,"[['1' '1' '1']
 ['-3.198824952949975' '-1.1725911208414486' '-3.220188170087039']]",3,2,"[-0.33588348 -0.33969845 -0.34360124 -0.3475949  -0.35168266 -0.35586788
 -0.36015409 -0.36454499 -0.36904446 -0.37365658 -0.37838563 -0.38323612
 -0.38821277 -0.39332058 -0.3985648  -0.40395096 -0.40948489 -0.41517275
 -0.42102106 -0.42703668 -0.43322688 -0.43959937 -0.4461623  -0.45292431
 -0.45989458 -0.46708285 -0.47449947 -0.48215547 -0.49006256 -0.49823327
 -0.50668092 -0.51541976 -0.52446502 -0.533833   -0.54354117 -0.55360824
 -0.56405432 -0.57490102 -0.5861716  -0.59789112 -0.61008662 -0.62278729
 -0.63602471 -0.64983309 -0.66424952 -0.67931427 -0.69507112 -0.71156775
 -0.72885613 -0.74699301 -0.76604042 -0.78606625 -0.80714492 -0.82935806
 -0.85279533 -0.87755532 -0.90374644 -0.93148803 -0.96091142 -0.99216112
 -1.02539591 -1.06079002 -1.09853398 -1.1388353  -1.18191844 -1.22802389
 -1.27740577 -1.33032711 -1.38705162 -1.44783053 -1.51288207 -1.58236092
 -1.65631403 -1.73461907 -1.8169023  -1.90243557 -1.99001803 -2.0778604
 -2.16350665 -2.24384784 -2.31529304 -2.37414368 -2.41715313 -2.44215281
 -2.44854295 -2.43745483 -2.4115144  -2.37430714 -2.32974762 -2.28154411
 -2.23285582 -2.18614374 -2.14316029 -2.10501146 -2.07223825 -2.0448854
 -2.02254384 -2.00436893 -1.98908958 -1.97503562 -1.96021884 -1.9425002
 -1.91985188 -1.89067607 -1.8540931  -1.81009429 -1.75949693 -1.70372174
 -1.64448277 -1.58349472 -1.52226637 -1.46199727 -1.40355854 -1.34752546
 -1.29423291 -1.24383457 -1.19635552 -1.15173465 -1.1098567  -1.07057532
 -1.03372896 -0.9991516  -0.96667952 -0.93615557 -0.90743144 -0.88036887
 -0.85484001 -0.83072727 -0.80792293 -0.78632849 -0.76585409 -0.74641771
 -0.72794457 -0.71036643 -0.69362102 -0.67765142 -0.66240557 -0.64783584
 -0.63389853 -0.62055355 -0.60776406 -0.59549614 -0.58371854 -0.57240244
 -0.56152119 -0.55105014 -0.54096646 -0.53124897 -0.52187799 -0.51283524
 -0.50410368 -0.49566743 -0.48751169 -0.47962261 -0.47198725 -0.46459348
 -0.45742996 -0.45048602 -0.44375165 -0.43721746 -0.43087458 -0.42471469
 -0.41872993 -0.41291288 -0.40725656 -0.40175434 -0.39639998 -0.39118755
 -0.38611145 -0.38116638 -0.37634728 -0.37164938 -0.36706814 -0.36259924
 -0.35823856 -0.35398222 -0.34982647 -0.34576779 -0.34180278 -0.33792823
 -0.33414106 -0.33043833 -0.32681723 -0.32327508 -0.31980931 -0.31641746
 -0.31309719 -0.30984623 -0.30666244 -0.30354374 -0.30048814 -0.29749375
 -0.29455872 -0.29168132 -0.28885984 -0.28609267 -0.28337825 -0.28071507
 -0.2781017  -0.27553674 -0.27301886 -0.27054676 -0.26811921 -0.265735
 -0.26339298 -0.26109204 -0.2588311  -0.25660913 -0.25442511 -0.25227809
 -0.25016713 -0.24809132 -0.2460498  -0.24404171 -0.24206623 -0.24012259
 -0.23821001 -0.23632774 -0.23447508 -0.23265133 -0.23085582 -0.22908789
 -0.2273469  -0.22563226 -0.22394335 -0.22227962 -0.22064048 -0.21902541
 -0.21743387 -0.21586536 -0.21431937]","[5.55502797e-11 2.55123977e-10 6.15914042e-10 1.16892251e-09
 1.96216288e-09 3.06386516e-09 4.56851579e-09 6.60480026e-09
 9.34635391e-09 1.30262521e-08 1.79563742e-08 2.45532696e-08
 3.33725438e-08 4.51546036e-08 6.08852986e-08 8.18764647e-08
 1.09872538e-07 1.47191813e-07 1.96913135e-07 2.63123013e-07
 3.51241766e-07 4.68454232e-07 6.24277448e-07 8.31309080e-07
 1.10621193e-06 1.47100923e-06 1.95478538e-06 2.59591911e-06
 3.44500950e-06 4.56870839e-06 6.05473087e-06 8.01840270e-06
 1.06111956e-05 1.40318480e-05 1.85408244e-05 2.44790972e-05
 3.22924861e-05 4.25631551e-05 5.60503067e-05 7.37426162e-05
 9.69256871e-05 1.27268591e-04 1.66934697e-04 2.18723086e-04
 2.86248658e-04 3.74170631e-04 4.88481601e-04 6.36871671e-04
 8.29185650e-04 1.07799389e-03 1.39930251e-03 1.81343115e-03
 2.34609144e-03 3.02970340e-03 3.90498829e-03 5.02288016e-03
 6.44679321e-03 8.25527776e-03 1.05450852e-02 1.34346373e-02
 1.70678571e-02 2.16182619e-02 2.72931494e-02 3.43375765e-02
 4.30376939e-02 5.37227839e-02 6.67651817e-02 8.25768337e-02
 1.01601079e-01 1.24297909e-01 1.51120603e-01 1.82481885e-01
 2.18707830e-01 2.59978980e-01 3.06259811e-01 3.57221097e-01
 4.12163943e-01 4.69959766e-01 5.29025912e-01 5.87358952e-01
 6.42643988e-01 6.92446768e-01 7.34470844e-01 7.66837657e-01
 7.88326740e-01 7.98515916e-01 7.97786593e-01 7.87198901e-01
 7.68280089e-01 7.42781997e-01 7.12460637e-01 6.78910434e-01
 6.43462896e-01 6.07145309e-01 5.70684969e-01 5.34543931e-01
 4.98970687e-01 4.64059442e-01 4.29809839e-01 3.96182925e-01
 3.63150030e-01 3.30730528e-01 2.99015731e-01 2.68175095e-01
 2.38445044e-01 2.10102156e-01 1.83428004e-01 1.58673316e-01
 1.36029273e-01 1.15610600e-01 9.74511877e-02 8.15102682e-02
 6.76854104e-02 5.58286607e-02 4.57629450e-02 3.72966006e-02
 3.02352570e-02 2.43906360e-02 1.95866041e-02 1.56627893e-02
 1.24763399e-02 9.90228448e-03 7.83293415e-03 6.17667893e-03
 4.85644583e-03 3.80801060e-03 2.97830836e-03 2.32381839e-03
 1.80908467e-03 1.40539231e-03 1.08961028e-03 8.43195710e-04
 6.51349255e-04 5.02306793e-04 3.86751315e-04 2.97329098e-04
 2.28254037e-04 1.74986766e-04 1.33975613e-04 1.02448648e-04
 7.82475909e-05 5.96956670e-05 4.54928304e-05 3.46330999e-05
 2.63394450e-05 2.00127288e-05 1.51917147e-05 1.15218872e-05
 8.73114732e-06 6.61094600e-06 5.00165334e-06 3.78123309e-06
 2.85650412e-06 2.15639716e-06 1.62676770e-06 1.22640836e-06
 9.23989091e-07 6.95712345e-07 5.23518736e-07 3.93715482e-07
 2.95929510e-07 2.22308913e-07 1.66914973e-07 1.25259405e-07
 9.39525009e-08 7.04361440e-08 5.27810258e-08 3.95330915e-08
 2.95971496e-08 2.21488250e-08 1.65679150e-08 1.23881421e-08
 9.25913390e-09 6.91775215e-09 5.16647081e-09 3.85710575e-09
 2.87853630e-09 2.14747353e-09 1.60152469e-09 1.19397048e-09
 8.89838536e-10 6.62961130e-10 4.93772967e-10 3.67647385e-10
 2.73655321e-10 2.03632555e-10 1.51482382e-10 1.12654559e-10
 8.37552874e-11 6.22527585e-11 4.62582611e-11 3.43641747e-11
 2.55215848e-11 1.89492762e-11 1.40653591e-11 1.04373229e-11
 7.74318023e-12 5.74309914e-12 4.25872445e-12 3.15753543e-12
 2.34069773e-12 1.73468585e-12 1.28513628e-12 9.51758204e-13
 7.04681647e-13 5.21666423e-13 3.86193519e-13 2.85912407e-13
 2.11656417e-13 1.56629890e-13 1.15844265e-13 8.56169045e-14
 6.32431322e-14 4.66942904e-14 3.44524654e-14 2.54055437e-14
 1.87197551e-14 1.37670425e-14 1.00928558e-14 7.37246551e-15
 5.35229743e-15 3.85178322e-15 2.74303361e-15 1.92928843e-15
 1.32981092e-15 8.89143296e-16 5.68559431e-16 3.39367483e-16
 1.79498961e-16 7.48429577e-17 1.64220448e-17]","[2.77751398e-11 1.27561989e-10 3.07957021e-10 5.84461257e-10
 9.81081438e-10 1.53193258e-09 2.28425789e-09 3.30240013e-09
 4.67317696e-09 6.51312604e-09 8.97818708e-09 1.22766348e-08
 1.66862719e-08 2.25773018e-08 3.04426493e-08 4.09382324e-08
 5.49362689e-08 7.35959063e-08 9.84565673e-08 1.31561507e-07
 1.75620883e-07 2.34227116e-07 3.12138724e-07 4.15654540e-07
 5.53105963e-07 7.35504614e-07 9.77392688e-07 1.29795956e-06
 1.72250475e-06 2.28435420e-06 3.02736544e-06 4.00920135e-06
 5.30559782e-06 7.01592398e-06 9.27041219e-06 1.22395486e-05
 1.61462431e-05 2.12815776e-05 2.80251534e-05 3.68713081e-05
 4.84628436e-05 6.36342957e-05 8.34673483e-05 1.09361543e-04
 1.43124329e-04 1.87085316e-04 2.44240800e-04 3.18435836e-04
 4.14592825e-04 5.38996945e-04 6.99651253e-04 9.06715577e-04
 1.17304572e-03 1.51485170e-03 1.95249415e-03 2.51144008e-03
 3.22339660e-03 4.12763888e-03 5.27254259e-03 6.71731867e-03
 8.53392854e-03 1.08091310e-02 1.36465747e-02 1.71687882e-02
 2.15188470e-02 2.68613920e-02 3.33825909e-02 4.12884168e-02
 5.08005396e-02 6.21489547e-02 7.55603015e-02 9.12409425e-02
 1.09353915e-01 1.29989490e-01 1.53129905e-01 1.78610548e-01
 2.06081972e-01 2.34979883e-01 2.64512956e-01 2.93679476e-01
 3.21321994e-01 3.46223384e-01 3.67235422e-01 3.83418828e-01
 3.94163370e-01 3.99257958e-01 3.98893297e-01 3.93599451e-01
 3.84140044e-01 3.71390998e-01 3.56230319e-01 3.39455217e-01
 3.21731448e-01 3.03572655e-01 2.85342485e-01 2.67271966e-01
 2.49485344e-01 2.32029721e-01 2.14904919e-01 1.98091462e-01
 1.81575015e-01 1.65365264e-01 1.49507865e-01 1.34087548e-01
 1.19222522e-01 1.05051078e-01 9.17140022e-02 7.93366581e-02
 6.80146366e-02 5.78052998e-02 4.87255938e-02 4.07551341e-02
 3.38427052e-02 2.79143304e-02 2.28814725e-02 1.86483003e-02
 1.51176285e-02 1.21953180e-02 9.79330204e-03 7.83139467e-03
 6.23816997e-03 4.95114224e-03 3.91646707e-03 3.08833946e-03
 2.42822291e-03 1.90400530e-03 1.48915418e-03 1.16190920e-03
 9.04542336e-04 7.02696154e-04 5.44805138e-04 4.21597855e-04
 3.25674628e-04 2.51153397e-04 1.93375658e-04 1.48664549e-04
 1.14127019e-04 8.74933830e-05 6.69878063e-05 5.12243241e-05
 3.91237954e-05 2.98478335e-05 2.27464152e-05 1.73165499e-05
 1.31697225e-05 1.00063644e-05 7.59585737e-06 5.76094362e-06
 4.36557366e-06 3.30547300e-06 2.50082667e-06 1.89061655e-06
 1.42825206e-06 1.07819858e-06 8.13383849e-07 6.13204179e-07
 4.61994546e-07 3.47856172e-07 2.61759368e-07 1.96857741e-07
 1.47964755e-07 1.11154456e-07 8.34574863e-08 6.26297023e-08
 4.69762504e-08 3.52180720e-08 2.63905129e-08 1.97665457e-08
 1.47985748e-08 1.10744125e-08 8.28395752e-09 6.19407103e-09
 4.62956695e-09 3.45887607e-09 2.58323540e-09 1.92855287e-09
 1.43926815e-09 1.07373677e-09 8.00762345e-10 5.96985239e-10
 4.44919268e-10 3.31480565e-10 2.46886483e-10 1.83823692e-10
 1.36827660e-10 1.01816278e-10 7.57411911e-11 5.63272796e-11
 4.18776437e-11 3.11263793e-11 2.31291306e-11 1.71820874e-11
 1.27607924e-11 9.47463809e-12 7.03267956e-12 5.21866144e-12
 3.87159011e-12 2.87154957e-12 2.12936222e-12 1.57876772e-12
 1.17034887e-12 8.67342927e-13 6.42568138e-13 4.75879102e-13
 3.52340824e-13 2.60833212e-13 1.93096759e-13 1.42956204e-13
 1.05828208e-13 7.83149451e-14 5.79221323e-14 4.28084522e-14
 3.16215661e-14 2.33471452e-14 1.72262327e-14 1.27027718e-14
 9.35987754e-15 6.88352124e-15 5.04642791e-15 3.68623275e-15
 2.67614872e-15 1.92589161e-15 1.37151681e-15 9.64644213e-16
 6.64905458e-16 4.44571648e-16 2.84279715e-16 1.69683741e-16
 8.97494803e-17 3.74214789e-17 8.21102241e-18]","[2.77751398e-11 1.27561989e-10 3.07957021e-10 5.84461257e-10
 9.81081438e-10 1.53193258e-09 2.28425789e-09 3.30240013e-09
 4.67317696e-09 6.51312604e-09 8.97818708e-09 1.22766348e-08
 1.66862719e-08 2.25773018e-08 3.04426493e-08 4.09382324e-08
 5.49362689e-08 7.35959063e-08 9.84565673e-08 1.31561507e-07
 1.75620883e-07 2.34227116e-07 3.12138724e-07 4.15654540e-07
 5.53105963e-07 7.35504614e-07 9.77392688e-07 1.29795956e-06
 1.72250475e-06 2.28435420e-06 3.02736544e-06 4.00920135e-06
 5.30559782e-06 7.01592398e-06 9.27041219e-06 1.22395486e-05
 1.61462431e-05 2.12815776e-05 2.80251534e-05 3.68713081e-05
 4.84628436e-05 6.36342957e-05 8.34673483e-05 1.09361543e-04
 1.43124329e-04 1.87085316e-04 2.44240800e-04 3.18435836e-04
 4.14592825e-04 5.38996945e-04 6.99651253e-04 9.06715577e-04
 1.17304572e-03 1.51485170e-03 1.95249415e-03 2.51144008e-03
 3.22339660e-03 4.12763888e-03 5.27254259e-03 6.71731867e-03
 8.53392854e-03 1.08091310e-02 1.36465747e-02 1.71687882e-02
 2.15188470e-02 2.68613920e-02 3.33825909e-02 4.12884168e-02
 5.08005396e-02 6.21489547e-02 7.55603015e-02 9.12409425e-02
 1.09353915e-01 1.29989490e-01 1.53129905e-01 1.78610548e-01
 2.06081972e-01 2.34979883e-01 2.64512956e-01 2.93679476e-01
 3.21321994e-01 3.46223384e-01 3.67235422e-01 3.83418828e-01
 3.94163370e-01 3.99257958e-01 3.98893297e-01 3.93599451e-01
 3.84140044e-01 3.71390998e-01 3.56230319e-01 3.39455217e-01
 3.21731448e-01 3.03572655e-01 2.85342485e-01 2.67271966e-01
 2.49485344e-01 2.32029721e-01 2.14904919e-01 1.98091462e-01
 1.81575015e-01 1.65365264e-01 1.49507865e-01 1.34087548e-01
 1.19222522e-01 1.05051078e-01 9.17140022e-02 7.93366581e-02
 6.80146366e-02 5.78052998e-02 4.87255938e-02 4.07551341e-02
 3.38427052e-02 2.79143304e-02 2.28814725e-02 1.86483003e-02
 1.51176285e-02 1.21953180e-02 9.79330204e-03 7.83139467e-03
 6.23816997e-03 4.95114224e-03 3.91646707e-03 3.08833946e-03
 2.42822291e-03 1.90400530e-03 1.48915418e-03 1.16190920e-03
 9.04542336e-04 7.02696154e-04 5.44805138e-04 4.21597855e-04
 3.25674628e-04 2.51153397e-04 1.93375658e-04 1.48664549e-04
 1.14127019e-04 8.74933830e-05 6.69878063e-05 5.12243241e-05
 3.91237954e-05 2.98478335e-05 2.27464152e-05 1.73165499e-05
 1.31697225e-05 1.00063644e-05 7.59585737e-06 5.76094362e-06
 4.36557366e-06 3.30547300e-06 2.50082667e-06 1.89061655e-06
 1.42825206e-06 1.07819858e-06 8.13383849e-07 6.13204179e-07
 4.61994546e-07 3.47856172e-07 2.61759368e-07 1.96857741e-07
 1.47964755e-07 1.11154456e-07 8.34574863e-08 6.26297023e-08
 4.69762504e-08 3.52180720e-08 2.63905129e-08 1.97665457e-08
 1.47985748e-08 1.10744125e-08 8.28395752e-09 6.19407103e-09
 4.62956695e-09 3.45887607e-09 2.58323540e-09 1.92855287e-09
 1.43926815e-09 1.07373677e-09 8.00762345e-10 5.96985239e-10
 4.44919268e-10 3.31480565e-10 2.46886483e-10 1.83823692e-10
 1.36827660e-10 1.01816278e-10 7.57411911e-11 5.63272796e-11
 4.18776437e-11 3.11263793e-11 2.31291306e-11 1.71820874e-11
 1.27607924e-11 9.47463809e-12 7.03267956e-12 5.21866144e-12
 3.87159011e-12 2.87154957e-12 2.12936222e-12 1.57876772e-12
 1.17034887e-12 8.67342927e-13 6.42568138e-13 4.75879102e-13
 3.52340824e-13 2.60833212e-13 1.93096759e-13 1.42956204e-13
 1.05828208e-13 7.83149451e-14 5.79221323e-14 4.28084522e-14
 3.16215661e-14 2.33471452e-14 1.72262327e-14 1.27027718e-14
 9.35987754e-15 6.88352124e-15 5.04642791e-15 3.68623275e-15
 2.67614872e-15 1.92589161e-15 1.37151681e-15 9.64644213e-16
 6.64905458e-16 4.44571648e-16 2.84279715e-16 1.69683741e-16
 8.97494803e-17 3.74214789e-17 8.21102241e-18]",-3.29957,['1 (?)'],"[[1, 0, 1]]",,,,,,,-2.94445,"[-1.15000000e+01 -1.14000000e+01 -1.13000000e+01 -1.12000000e+01
 -1.11000000e+01 -1.10000000e+01 -1.09000000e+01 -1.08000000e+01
 -1.07000000e+01 -1.06000000e+01 -1.05000000e+01 -1.04000000e+01
 -1.03000000e+01 -1.02000000e+01 -1.01000000e+01 -1.00000000e+01
 -9.90000000e+00 -9.80000000e+00 -9.70000000e+00 -9.60000000e+00
 -9.50000000e+00 -9.40000000e+00 -9.30000000e+00 -9.20000000e+00
 -9.10000000e+00 -9.00000000e+00 -8.90000000e+00 -8.80000000e+00
 -8.70000000e+00 -8.60000000e+00 -8.50000000e+00 -8.40000000e+00
 -8.30000000e+00 -8.20000000e+00 -8.10000000e+00 -8.00000000e+00
 -7.90000000e+00 -7.80000000e+00 -7.70000000e+00 -7.60000000e+00
 -7.50000000e+00 -7.40000000e+00 -7.30000000e+00 -7.20000000e+00
 -7.10000000e+00 -7.00000000e+00 -6.90000000e+00 -6.80000000e+00
 -6.70000000e+00 -6.60000000e+00 -6.50000000e+00 -6.40000000e+00
 -6.30000000e+00 -6.20000000e+00 -6.10000000e+00 -6.00000000e+00
 -5.90000000e+00 -5.80000000e+00 -5.70000000e+00 -5.60000000e+00
 -5.50000000e+00 -5.40000000e+00 -5.30000000e+00 -5.20000000e+00
 -5.10000000e+00 -5.00000000e+00 -4.90000000e+00 -4.80000000e+00
 -4.70000000e+00 -4.60000000e+00 -4.50000000e+00 -4.40000000e+00
 -4.30000000e+00 -4.20000000e+00 -4.10000000e+00 -4.00000000e+00
 -3.90000000e+00 -3.80000000e+00 -3.70000000e+00 -3.60000000e+00
 -3.50000000e+00 -3.40000000e+00 -3.30000000e+00 -3.20000000e+00
 -3.10000000e+00 -3.00000000e+00 -2.90000000e+00 -2.80000000e+00
 -2.70000000e+00 -2.60000000e+00 -2.50000000e+00 -2.40000000e+00
 -2.30000000e+00 -2.20000000e+00 -2.10000000e+00 -2.00000000e+00
 -1.90000000e+00 -1.80000000e+00 -1.70000000e+00 -1.60000000e+00
 -1.50000000e+00 -1.40000000e+00 -1.30000000e+00 -1.20000000e+00
 -1.10000000e+00 -1.00000000e+00 -9.00000000e-01 -8.00000000e-01
 -7.00000000e-01 -6.00000000e-01 -5.00000000e-01 -4.00000000e-01
 -3.00000000e-01 -2.00000000e-01 -1.00000000e-01 -4.08562073e-14
  1.00000000e-01  2.00000000e-01  3.00000000e-01  4.00000000e-01
  5.00000000e-01  6.00000000e-01  7.00000000e-01  8.00000000e-01
  9.00000000e-01  1.00000000e+00  1.10000000e+00  1.20000000e+00
  1.30000000e+00  1.40000000e+00  1.50000000e+00  1.60000000e+00
  1.70000000e+00  1.80000000e+00  1.90000000e+00  2.00000000e+00
  2.10000000e+00  2.20000000e+00  2.30000000e+00  2.40000000e+00
  2.50000000e+00  2.60000000e+00  2.70000000e+00  2.80000000e+00
  2.90000000e+00  3.00000000e+00  3.10000000e+00  3.20000000e+00
  3.30000000e+00  3.40000000e+00  3.50000000e+00  3.60000000e+00
  3.70000000e+00  3.80000000e+00  3.90000000e+00  4.00000000e+00
  4.10000000e+00  4.20000000e+00  4.30000000e+00  4.40000000e+00
  4.50000000e+00  4.60000000e+00  4.70000000e+00  4.80000000e+00
  4.90000000e+00  5.00000000e+00  5.10000000e+00  5.20000000e+00
  5.30000000e+00  5.40000000e+00  5.50000000e+00  5.60000000e+00
  5.70000000e+00  5.80000000e+00  5.90000000e+00  6.00000000e+00
  6.10000000e+00  6.20000000e+00  6.30000000e+00  6.40000000e+00
  6.50000000e+00  6.60000000e+00  6.70000000e+00  6.80000000e+00
  6.90000000e+00  7.00000000e+00  7.10000000e+00  7.20000000e+00
  7.30000000e+00  7.40000000e+00  7.50000000e+00  7.60000000e+00
  7.70000000e+00  7.80000000e+00  7.90000000e+00  8.00000000e+00
  8.10000000e+00  8.20000000e+00  8.30000000e+00  8.40000000e+00
  8.50000000e+00  8.60000000e+00  8.70000000e+00  8.80000000e+00
  8.90000000e+00  9.00000000e+00  9.10000000e+00  9.20000000e+00
  9.30000000e+00  9.40000000e+00  9.50000000e+00  9.60000000e+00
  9.70000000e+00  9.80000000e+00  9.90000000e+00  1.00000000e+01
  1.01000000e+01  1.02000000e+01  1.03000000e+01  1.04000000e+01
  1.05000000e+01  1.06000000e+01  1.07000000e+01  1.08000000e+01
  1.09000000e+01  1.10000000e+01  1.11000000e+01  1.12000000e+01
  1.13000000e+01  1.14000000e+01  1.15000000e+01]",231
11.5,0.1,3,4.0,1,"[['1' '1' '1']
 ['-3.198824952949975' '-1.1725911208414486' '-3.220188170087039']]",3,3,"[-0.33588348 -0.33969845 -0.34360124 -0.3475949  -0.35168266 -0.35586788
 -0.36015409 -0.36454499 -0.36904446 -0.37365658 -0.37838563 -0.38323612
 -0.38821277 -0.39332058 -0.3985648  -0.40395096 -0.40948489 -0.41517275
 -0.42102106 -0.42703668 -0.43322688 -0.43959937 -0.4461623  -0.45292431
 -0.45989458 -0.46708285 -0.47449947 -0.48215547 -0.49006256 -0.49823327
 -0.50668092 -0.51541976 -0.52446502 -0.533833   -0.54354117 -0.55360824
 -0.56405432 -0.57490102 -0.5861716  -0.59789112 -0.61008662 -0.62278729
 -0.63602471 -0.64983309 -0.66424952 -0.67931427 -0.69507112 -0.71156775
 -0.72885613 -0.74699301 -0.76604042 -0.78606625 -0.80714492 -0.82935806
 -0.85279533 -0.87755532 -0.90374644 -0.93148803 -0.96091142 -0.99216112
 -1.02539591 -1.06079002 -1.09853398 -1.1388353  -1.18191844 -1.22802389
 -1.27740577 -1.33032711 -1.38705162 -1.44783053 -1.51288207 -1.58236092
 -1.65631403 -1.73461907 -1.8169023  -1.90243557 -1.99001803 -2.0778604
 -2.16350665 -2.24384784 -2.31529304 -2.37414368 -2.41715313 -2.44215281
 -2.44854295 -2.43745483 -2.4115144  -2.37430714 -2.32974762 -2.28154411
 -2.23285582 -2.18614374 -2.14316029 -2.10501146 -2.07223825 -2.0448854
 -2.02254384 -2.00436893 -1.98908958 -1.97503562 -1.96021884 -1.9425002
 -1.91985188 -1.89067607 -1.8540931  -1.81009429 -1.75949693 -1.70372174
 -1.64448277 -1.58349472 -1.52226637 -1.46199727 -1.40355854 -1.34752546
 -1.29423291 -1.24383457 -1.19635552 -1.15173465 -1.1098567  -1.07057532
 -1.03372896 -0.9991516  -0.96667952 -0.93615557 -0.90743144 -0.88036887
 -0.85484001 -0.83072727 -0.80792293 -0.78632849 -0.76585409 -0.74641771
 -0.72794457 -0.71036643 -0.69362102 -0.67765142 -0.66240557 -0.64783584
 -0.63389853 -0.62055355 -0.60776406 -0.59549614 -0.58371854 -0.57240244
 -0.56152119 -0.55105014 -0.54096646 -0.53124897 -0.52187799 -0.51283524
 -0.50410368 -0.49566743 -0.48751169 -0.47962261 -0.47198725 -0.46459348
 -0.45742996 -0.45048602 -0.44375165 -0.43721746 -0.43087458 -0.42471469
 -0.41872993 -0.41291288 -0.40725656 -0.40175434 -0.39639998 -0.39118755
 -0.38611145 -0.38116638 -0.37634728 -0.37164938 -0.36706814 -0.36259924
 -0.35823856 -0.35398222 -0.34982647 -0.34576779 -0.34180278 -0.33792823
 -0.33414106 -0.33043833 -0.32681723 -0.32327508 -0.31980931 -0.31641746
 -0.31309719 -0.30984623 -0.30666244 -0.30354374 -0.30048814 -0.29749375
 -0.29455872 -0.29168132 -0.28885984 -0.28609267 -0.28337825 -0.28071507
 -0.2781017  -0.27553674 -0.27301886 -0.27054676 -0.26811921 -0.265735
 -0.26339298 -0.26109204 -0.2588311  -0.25660913 -0.25442511 -0.25227809
 -0.25016713 -0.24809132 -0.2460498  -0.24404171 -0.24206623 -0.24012259
 -0.23821001 -0.23632774 -0.23447508 -0.23265133 -0.23085582 -0.22908789
 -0.2273469  -0.22563226 -0.22394335 -0.22227962 -0.22064048 -0.21902541
 -0.21743387 -0.21586536 -0.21431937]","[1.26086910e-07 5.71044058e-07 1.34647773e-06 2.47246532e-06
 3.97935900e-06 5.90668517e-06 8.30480508e-06 1.12361550e-05
 1.47767410e-05 1.90179847e-05 2.40689555e-05 3.00590200e-05
 3.71409784e-05 4.54947468e-05 5.53317521e-05 6.68999224e-05
 8.04896952e-05 9.64409776e-05 1.15151096e-04 1.37084345e-04
 1.62782914e-04 1.92879590e-04 2.28112701e-04 2.69343232e-04
 3.17574953e-04 3.73977654e-04 4.39914271e-04 5.16972277e-04
 6.07000030e-04 7.12149323e-04 8.34924327e-04 9.78238647e-04
 1.14548160e-03 1.34059475e-03 1.56816070e-03 1.83350614e-03
 2.14282280e-03 2.50330231e-03 2.92329909e-03 3.41251540e-03
 3.98221598e-03 4.64547009e-03 5.41744325e-03 6.31572614e-03
 7.36070464e-03 8.57600132e-03 9.98897047e-03 1.16312625e-02
 1.35394827e-02 1.57559033e-02 1.83293102e-02 2.13159183e-02
 2.47804215e-02 2.87971094e-02 3.34511288e-02 3.88398239e-02
 4.50741381e-02 5.22800767e-02 6.06001134e-02 7.01945574e-02
 8.12426503e-02 9.39432803e-02 1.08515065e-01 1.25195551e-01
 1.44238909e-01 1.65911812e-01 1.90486626e-01 2.18230962e-01
 2.49392944e-01 2.84180045e-01 3.22731972e-01 3.65084568e-01
 4.11126149e-01 4.60546329e-01 5.12780779e-01 5.66956737e-01
 6.21853233e-01 6.75885020e-01 7.27135302e-01 7.73447689e-01
 8.12593229e-01 8.42504223e-01 8.61542865e-01 8.68754573e-01
 8.64039867e-01 8.48197548e-01 8.22820961e-01 7.90078009e-01
 7.52431169e-01 7.12363746e-01 6.72155078e-01 6.33730923e-01
 5.98584634e-01 5.67756200e-01 5.41849499e-01 5.21069259e-01
 5.05267428e-01 4.93992441e-01 4.86540256e-01 4.82009510e-01
 4.79365081e-01 4.77512051e-01 4.75378413e-01 4.72000250e-01
 4.66597210e-01 4.58626669e-01 4.47807628e-01 4.34110784e-01
 4.17722202e-01 3.98989678e-01 3.78364125e-01 3.56345530e-01
 3.33437323e-01 3.10113876e-01 2.86799590e-01 2.63856648e-01
 2.41581272e-01 2.20204679e-01 1.99897810e-01 1.80778376e-01
 1.62917361e-01 1.46347598e-01 1.31070666e-01 1.17063509e-01
 1.04284410e-01 9.26780197e-02 8.21795971e-02 7.27185418e-02
 6.42211780e-02 5.66130095e-02 4.98204046e-02 4.37718785e-02
 3.83990368e-02 3.36371677e-02 2.94256537e-02 2.57081935e-02
 2.24328415e-02 1.95519654e-02 1.70221541e-02 1.48039948e-02
 1.28618858e-02 1.11637738e-02 9.68090726e-03 8.38758002e-03
 7.26086721e-03 6.28038600e-03 5.42805150e-03 4.68785565e-03
 4.04565952e-03 3.48899892e-03 3.00690207e-03 2.58973479e-03
 2.22904060e-03 1.91741806e-03 1.64839135e-03 1.41630495e-03
 1.21622499e-03 1.04385257e-03 8.95446352e-04 7.67753588e-04
 6.57949300e-04 5.63582333e-04 4.82528028e-04 4.12946297e-04
 3.53244741e-04 3.02046731e-04 2.58162771e-04 2.20566152e-04
 1.88371158e-04 1.60814222e-04 1.37237593e-04 1.17075012e-04
 9.98393100e-05 8.51115968e-05 7.25318969e-05 6.17910860e-05
 5.26237750e-05 4.48023059e-05 3.81314870e-05 3.24440198e-05
 2.75965827e-05 2.34664772e-05 1.99486864e-05 1.69533615e-05
 1.44037050e-05 1.22340554e-05 1.03883162e-05 8.81858211e-06
 7.48395437e-06 6.34953238e-06 5.38554180e-06 4.56659342e-06
 3.87104278e-06 3.28044581e-06 2.77908888e-06 2.35359119e-06
 1.99256044e-06 1.68629983e-06 1.42656045e-06 1.20632507e-06
 1.01962662e-06 8.61392623e-07 7.27312244e-07 6.13722584e-07
 5.17512589e-07 4.36040330e-07 3.67062945e-07 3.08676609e-07
 2.59266184e-07 2.17461371e-07 1.82100090e-07 1.52197138e-07
 1.26917479e-07 1.05553588e-07 8.75062168e-08 7.22680456e-08
 5.94098139e-08 4.85685186e-08 3.94374642e-08 3.17578024e-08
 2.53113695e-08 1.99146748e-08 1.54137940e-08 1.16800934e-08
 8.60665089e-09 6.10527514e-09 4.10405581e-09 2.54537102e-09
 1.38427526e-09 5.86509521e-10 1.29429368e-10]","[1.25330634e-07 5.67596469e-07 1.33825818e-06 2.45713584e-06
 3.95419072e-06 5.86841553e-06 8.24946222e-06 1.11588449e-05
 1.46713854e-05 1.88769979e-05 2.38828405e-05 2.98158648e-05
 3.68258274e-05 4.50888099e-05 5.48114189e-05 6.62355216e-05
 7.96439456e-05 9.53670429e-05 1.13790151e-04 1.35362530e-04
 1.60607517e-04 1.90134281e-04 2.24651563e-04 2.64983312e-04
 3.12086941e-04 3.67074272e-04 4.31235766e-04 5.06068334e-04
 5.93307255e-04 6.94963165e-04 8.13364170e-04 9.51204396e-04
 1.11159971e-03 1.29815128e-03 1.51501816e-03 1.76700058e-03
 2.05963622e-03 2.39930496e-03 2.79335459e-03 3.25024011e-03
 3.77968233e-03 4.39284177e-03 5.10252609e-03 5.92341633e-03
 6.87231404e-03 7.96842943e-03 9.23369494e-03 1.06931070e-02
 1.23751164e-02 1.43120243e-02 1.65404385e-02 1.91017365e-02
 2.20425652e-02 2.54153232e-02 2.92786625e-02 3.36979491e-02
 3.87456541e-02 4.45016410e-02 5.10532666e-02 5.84952777e-02
 6.69293111e-02 7.64629150e-02 8.72079349e-02 9.92780721e-02
 1.12785253e-01 1.27834680e-01 1.44518132e-01 1.62905072e-01
 1.83031596e-01 2.04886064e-01 2.28392733e-01 2.53391912e-01
 2.79618804e-01 3.06682006e-01 3.34044856e-01 3.61013199e-01
 3.86737757e-01 4.10235274e-01 4.30439453e-01 4.46282553e-01
 4.56809288e-01 4.61309987e-01 4.59449347e-01 4.51361193e-01
 4.37678675e-01 4.19486359e-01 3.98199962e-01 3.75402912e-01
 3.52676933e-01 3.31460320e-01 3.12949751e-01 2.98050210e-01
 2.87362504e-01 2.81195704e-01 2.79591297e-01 2.82349454e-01
 2.89053352e-01 2.99091105e-01 3.11678897e-01 3.25889911e-01
 3.40695354e-01 3.55020825e-01 3.67817327e-01 3.78140696e-01
 3.85227050e-01 3.88550858e-01 3.87854585e-01 3.83144065e-01
 3.74655243e-01 3.62800831e-01 3.48109402e-01 3.31167434e-01
 3.12569195e-01 2.92880072e-01 2.72612150e-01 2.52209501e-01
 2.32042933e-01 2.12410170e-01 1.93540509e-01 1.75602143e-01
 1.58709273e-01 1.42931363e-01 1.28300837e-01 1.14820436e-01
 1.02469922e-01 9.12117429e-02 8.09958613e-02 7.17637851e-02
 6.34517815e-02 5.59935046e-02 4.93219877e-02 4.33711879e-02
 3.80771464e-02 3.33787621e-02 2.92183514e-02 2.55419956e-02
 2.22996803e-02 1.94453374e-02 1.69368211e-02 1.47357415e-02
 1.28073224e-02 1.11201766e-02 9.64608926e-03 8.35978635e-03
 7.23869073e-03 6.26269916e-03 5.41395127e-03 4.67661923e-03
 4.03670871e-03 3.48187147e-03 3.00122860e-03 2.58522026e-03
 2.22544948e-03 1.91456238e-03 1.64612124e-03 1.41450086e-03
 1.21479169e-03 1.04271417e-03 8.94542422e-04 7.67036031e-04
 6.57379837e-04 5.63130514e-04 4.82169638e-04 4.12662083e-04
 3.53019404e-04 3.01868114e-04 2.58021219e-04 2.20453997e-04
 1.88282315e-04 1.60743858e-04 1.37181877e-04 1.17030903e-04
 9.98043959e-05 8.50839666e-05 7.25100348e-05 6.17737909e-05
 5.26100953e-05 4.47914876e-05 3.81229331e-05 3.24372574e-05
 2.75912375e-05 2.34622528e-05 1.99453483e-05 1.69507242e-05
 1.44016217e-05 1.22324099e-05 1.03870168e-05 8.81755607e-06
 7.48314432e-06 6.34889295e-06 5.38503711e-06 4.56619514e-06
 3.87072851e-06 3.28019788e-06 2.77889330e-06 2.35343693e-06
 1.99243879e-06 1.68620391e-06 1.42648483e-06 1.20626546e-06
 1.01957964e-06 8.61355603e-07 7.27283079e-07 6.13699612e-07
 5.17494500e-07 4.36026090e-07 3.67051739e-07 3.08667793e-07
 2.59259252e-07 2.17455924e-07 1.82095813e-07 1.52193782e-07
 1.26914849e-07 1.05551529e-07 8.75046085e-08 7.22667917e-08
 5.94088390e-08 4.85677632e-08 3.94368816e-08 3.17573556e-08
 2.53110294e-08 1.99144185e-08 1.54136035e-08 1.16799542e-08
 8.60655164e-09 6.10520675e-09 4.10401097e-09 2.54534378e-09
 1.38426068e-09 5.86503416e-10 1.29428030e-10]","[7.56276242e-10 3.44758932e-09 8.21954170e-09 1.53294875e-08
 2.51682774e-08 3.82696415e-08 5.53428596e-08 7.73101801e-08
 1.05355547e-07 1.40986815e-07 1.86115021e-07 2.43155118e-07
 3.15151026e-07 4.05936880e-07 5.20333216e-07 6.64400808e-07
 8.45749659e-07 1.07393474e-06 1.36094434e-06 1.72181500e-06
 2.17539689e-06 2.74530878e-06 3.46113789e-06 4.35992055e-06
 5.48801232e-06 6.90338197e-06 8.67850561e-06 1.09039424e-05
 1.36927745e-05 1.71861578e-05 2.15601566e-05 2.70342515e-05
 3.38818863e-05 4.24434656e-05 5.31425327e-05 6.65055567e-05
 8.31865863e-05 1.03997352e-04 1.29944506e-04 1.62275292e-04
 2.02533650e-04 2.52628322e-04 3.14917161e-04 3.92309819e-04
 4.88390602e-04 6.07571893e-04 7.55275538e-04 9.38155562e-04
 1.16436629e-03 1.44387896e-03 1.78887171e-03 2.21418188e-03
 2.73785633e-03 3.38178614e-03 4.17246631e-03 5.14187480e-03
 6.32848394e-03 7.77843577e-03 9.54684686e-03 1.16992797e-02
 1.43133391e-02 1.74803653e-02 2.13071304e-02 2.59174794e-02
 3.14536561e-02 3.80771316e-02 4.59684942e-02 5.53258903e-02
 6.63613480e-02 7.92939813e-02 9.43392390e-02 1.11692656e-01
 1.31507345e-01 1.53864323e-01 1.78735923e-01 2.05943539e-01
 2.35115476e-01 2.65649746e-01 2.96695849e-01 3.27165136e-01
 3.55783941e-01 3.81194236e-01 4.02093517e-01 4.17393380e-01
 4.26361192e-01 4.28711189e-01 4.24620999e-01 4.14675097e-01
 3.99754235e-01 3.80903426e-01 3.59205326e-01 3.35680712e-01
 3.11222129e-01 2.86560496e-01 2.62258202e-01 2.38719805e-01
 2.16214076e-01 1.94901336e-01 1.74861358e-01 1.56119599e-01
 1.38669728e-01 1.22491226e-01 1.07561086e-01 9.38595543e-02
 8.13701599e-02 7.00758105e-02 5.99530422e-02 5.09667197e-02
 4.30669598e-02 3.61888471e-02 3.02547231e-02 2.51780962e-02
 2.08681284e-02 1.72338033e-02 1.41874402e-02 1.16471473e-02
 9.53833932e-03 7.79450854e-03 6.35730095e-03 5.17623300e-03
 4.20808797e-03 3.41623476e-03 2.76982835e-03 2.24307222e-03
 1.81448818e-03 1.46627677e-03 1.18373583e-03 9.54756772e-04
 7.69396551e-04 6.19504906e-04 4.98416893e-04 4.00690595e-04
 3.21890426e-04 2.58405675e-04 2.07302275e-04 1.66197874e-04
 1.33161225e-04 1.06628033e-04 8.53329800e-05 6.82532812e-05
 5.45633415e-05 4.35971467e-05 3.48179949e-05 2.77936654e-05
 2.21764825e-05 1.76868464e-05 1.41002372e-05 1.12364109e-05
 8.95080900e-06 7.12745353e-06 5.67346901e-06 4.51453251e-06
 3.59112364e-06 2.85567145e-06 2.27011670e-06 1.80408922e-06
 1.43330736e-06 1.13840572e-06 9.03929843e-07 7.17557432e-07
 5.69462609e-07 4.51818308e-07 3.58390525e-07 2.84213598e-07
 2.25337120e-07 1.78616632e-07 1.41551912e-07 1.12154661e-07
 8.88437509e-08 7.03635565e-08 5.57162230e-08 4.41094001e-08
 3.49140656e-08 2.76302361e-08 2.18621512e-08 1.72950757e-08
 1.36796795e-08 1.08182279e-08 8.55385884e-09 6.76235034e-09
 5.34519158e-09 4.22434817e-09 3.33803616e-09 2.63725601e-09
 2.08329622e-09 1.64544902e-09 1.29943679e-09 1.02604071e-09
 8.10049055e-10 6.39433391e-10 5.04685240e-10 3.98276837e-10
 3.14262865e-10 2.47935446e-10 1.95580268e-10 1.54258907e-10
 1.21650590e-10 9.59223538e-11 7.56232671e-11 5.96110039e-11
 4.69804781e-11 3.70196488e-11 2.91650938e-11 2.29716605e-11
 1.80892697e-11 1.42400440e-11 1.12064087e-11 8.81544573e-12
 6.93134300e-12 5.44679148e-12 4.27718089e-12 3.35577810e-12
 2.63000166e-12 2.05839365e-12 1.60827367e-12 1.25387989e-12
 9.74908637e-13 7.55370148e-13 5.82641208e-13 4.46806853e-13
 3.40057808e-13 2.56244626e-13 1.90554330e-13 1.39205951e-13
 9.92548343e-14 6.83895389e-14 4.48391949e-14 2.72399788e-14
 1.45757436e-14 6.10457438e-15 1.33797445e-15]",-3.7351,['2 (?)'],[[1]],"[1.26086910e-07 5.71044058e-07 1.34647773e-06 2.47246532e-06
 3.97935900e-06 5.90668517e-06 8.30480508e-06 1.12361550e-05
 1.47767410e-05 1.90179847e-05 2.40689555e-05 3.00590200e-05
 3.71409784e-05 4.54947468e-05 5.53317521e-05 6.68999224e-05
 8.04896952e-05 9.64409776e-05 1.15151096e-04 1.37084345e-04
 1.62782914e-04 1.92879590e-04 2.28112701e-04 2.69343232e-04
 3.17574953e-04 3.73977654e-04 4.39914271e-04 5.16972277e-04
 6.07000030e-04 7.12149323e-04 8.34924327e-04 9.78238647e-04
 1.14548160e-03 1.34059475e-03 1.56816070e-03 1.83350614e-03
 2.14282280e-03 2.50330231e-03 2.92329909e-03 3.41251540e-03
 3.98221598e-03 4.64547009e-03 5.41744325e-03 6.31572614e-03
 7.36070464e-03 8.57600132e-03 9.98897047e-03 1.16312625e-02
 1.35394827e-02 1.57559033e-02 1.83293102e-02 2.13159183e-02
 2.47804215e-02 2.87971094e-02 3.34511288e-02 3.88398239e-02
 4.50741381e-02 5.22800767e-02 6.06001134e-02 7.01945574e-02
 8.12426503e-02 9.39432803e-02 1.08515065e-01 1.25195551e-01
 1.44238909e-01 1.65911812e-01 1.90486626e-01 2.18230962e-01
 2.49392944e-01 2.84180045e-01 3.22731972e-01 3.65084568e-01
 4.11126149e-01 4.60546329e-01 5.12780779e-01 5.66956737e-01
 6.21853233e-01 6.75885020e-01 7.27135302e-01 7.73447689e-01
 8.12593229e-01 8.42504223e-01 8.61542865e-01 8.68754573e-01
 8.64039867e-01 8.48197548e-01 8.22820961e-01 7.90078009e-01
 7.52431169e-01 7.12363746e-01 6.72155078e-01 6.33730923e-01
 5.98584634e-01 5.67756200e-01 5.41849499e-01 5.21069259e-01
 5.05267428e-01 4.93992441e-01 4.86540256e-01 4.82009510e-01
 4.79365081e-01 4.77512051e-01 4.75378413e-01 4.72000250e-01
 4.66597210e-01 4.58626669e-01 4.47807628e-01 4.34110784e-01
 4.17722202e-01 3.98989678e-01 3.78364125e-01 3.56345530e-01
 3.33437323e-01 3.10113876e-01 2.86799590e-01 2.63856648e-01
 2.41581272e-01 2.20204679e-01 1.99897810e-01 1.80778376e-01
 1.62917361e-01 1.46347598e-01 1.31070666e-01 1.17063509e-01
 1.04284410e-01 9.26780197e-02 8.21795971e-02 7.27185418e-02
 6.42211780e-02 5.66130095e-02 4.98204046e-02 4.37718785e-02
 3.83990368e-02 3.36371677e-02 2.94256537e-02 2.57081935e-02
 2.24328415e-02 1.95519654e-02 1.70221541e-02 1.48039948e-02
 1.28618858e-02 1.11637738e-02 9.68090726e-03 8.38758002e-03
 7.26086721e-03 6.28038600e-03 5.42805150e-03 4.68785565e-03
 4.04565952e-03 3.48899892e-03 3.00690207e-03 2.58973479e-03
 2.22904060e-03 1.91741806e-03 1.64839135e-03 1.41630495e-03
 1.21622499e-03 1.04385257e-03 8.95446352e-04 7.67753588e-04
 6.57949300e-04 5.63582333e-04 4.82528028e-04 4.12946297e-04
 3.53244741e-04 3.02046731e-04 2.58162771e-04 2.20566152e-04
 1.88371158e-04 1.60814222e-04 1.37237593e-04 1.17075012e-04
 9.98393100e-05 8.51115968e-05 7.25318969e-05 6.17910860e-05
 5.26237750e-05 4.48023059e-05 3.81314870e-05 3.24440198e-05
 2.75965827e-05 2.34664772e-05 1.99486864e-05 1.69533615e-05
 1.44037050e-05 1.22340554e-05 1.03883162e-05 8.81858211e-06
 7.48395437e-06 6.34953238e-06 5.38554180e-06 4.56659342e-06
 3.87104278e-06 3.28044581e-06 2.77908888e-06 2.35359119e-06
 1.99256044e-06 1.68629983e-06 1.42656045e-06 1.20632507e-06
 1.01962662e-06 8.61392623e-07 7.27312244e-07 6.13722584e-07
 5.17512589e-07 4.36040330e-07 3.67062945e-07 3.08676609e-07
 2.59266184e-07 2.17461371e-07 1.82100090e-07 1.52197138e-07
 1.26917479e-07 1.05553588e-07 8.75062168e-08 7.22680456e-08
 5.94098139e-08 4.85685186e-08 3.94374642e-08 3.17578024e-08
 2.53113695e-08 1.99146748e-08 1.54137940e-08 1.16800934e-08
 8.60665089e-09 6.10527514e-09 4.10405581e-09 2.54537102e-09
 1.38427526e-09 5.86509521e-10 1.29429368e-10]","[1.25330634e-07 5.67596469e-07 1.33825818e-06 2.45713584e-06
 3.95419072e-06 5.86841553e-06 8.24946222e-06 1.11588449e-05
 1.46713854e-05 1.88769979e-05 2.38828405e-05 2.98158648e-05
 3.68258274e-05 4.50888099e-05 5.48114189e-05 6.62355216e-05
 7.96439456e-05 9.53670429e-05 1.13790151e-04 1.35362530e-04
 1.60607517e-04 1.90134281e-04 2.24651563e-04 2.64983312e-04
 3.12086941e-04 3.67074272e-04 4.31235766e-04 5.06068334e-04
 5.93307255e-04 6.94963165e-04 8.13364170e-04 9.51204396e-04
 1.11159971e-03 1.29815128e-03 1.51501816e-03 1.76700058e-03
 2.05963622e-03 2.39930496e-03 2.79335459e-03 3.25024011e-03
 3.77968233e-03 4.39284177e-03 5.10252609e-03 5.92341633e-03
 6.87231404e-03 7.96842943e-03 9.23369494e-03 1.06931070e-02
 1.23751164e-02 1.43120243e-02 1.65404385e-02 1.91017365e-02
 2.20425652e-02 2.54153232e-02 2.92786625e-02 3.36979491e-02
 3.87456541e-02 4.45016410e-02 5.10532666e-02 5.84952777e-02
 6.69293111e-02 7.64629150e-02 8.72079349e-02 9.92780721e-02
 1.12785253e-01 1.27834680e-01 1.44518132e-01 1.62905072e-01
 1.83031596e-01 2.04886064e-01 2.28392733e-01 2.53391912e-01
 2.79618804e-01 3.06682006e-01 3.34044856e-01 3.61013199e-01
 3.86737757e-01 4.10235274e-01 4.30439453e-01 4.46282553e-01
 4.56809288e-01 4.61309987e-01 4.59449347e-01 4.51361193e-01
 4.37678675e-01 4.19486359e-01 3.98199962e-01 3.75402912e-01
 3.52676933e-01 3.31460320e-01 3.12949751e-01 2.98050210e-01
 2.87362504e-01 2.81195704e-01 2.79591297e-01 2.82349454e-01
 2.89053352e-01 2.99091105e-01 3.11678897e-01 3.25889911e-01
 3.40695354e-01 3.55020825e-01 3.67817327e-01 3.78140696e-01
 3.85227050e-01 3.88550858e-01 3.87854585e-01 3.83144065e-01
 3.74655243e-01 3.62800831e-01 3.48109402e-01 3.31167434e-01
 3.12569195e-01 2.92880072e-01 2.72612150e-01 2.52209501e-01
 2.32042933e-01 2.12410170e-01 1.93540509e-01 1.75602143e-01
 1.58709273e-01 1.42931363e-01 1.28300837e-01 1.14820436e-01
 1.02469922e-01 9.12117429e-02 8.09958613e-02 7.17637851e-02
 6.34517815e-02 5.59935046e-02 4.93219877e-02 4.33711879e-02
 3.80771464e-02 3.33787621e-02 2.92183514e-02 2.55419956e-02
 2.22996803e-02 1.94453374e-02 1.69368211e-02 1.47357415e-02
 1.28073224e-02 1.11201766e-02 9.64608926e-03 8.35978635e-03
 7.23869073e-03 6.26269916e-03 5.41395127e-03 4.67661923e-03
 4.03670871e-03 3.48187147e-03 3.00122860e-03 2.58522026e-03
 2.22544948e-03 1.91456238e-03 1.64612124e-03 1.41450086e-03
 1.21479169e-03 1.04271417e-03 8.94542422e-04 7.67036031e-04
 6.57379837e-04 5.63130514e-04 4.82169638e-04 4.12662083e-04
 3.53019404e-04 3.01868114e-04 2.58021219e-04 2.20453997e-04
 1.88282315e-04 1.60743858e-04 1.37181877e-04 1.17030903e-04
 9.98043959e-05 8.50839666e-05 7.25100348e-05 6.17737909e-05
 5.26100953e-05 4.47914876e-05 3.81229331e-05 3.24372574e-05
 2.75912375e-05 2.34622528e-05 1.99453483e-05 1.69507242e-05
 1.44016217e-05 1.22324099e-05 1.03870168e-05 8.81755607e-06
 7.48314432e-06 6.34889295e-06 5.38503711e-06 4.56619514e-06
 3.87072851e-06 3.28019788e-06 2.77889330e-06 2.35343693e-06
 1.99243879e-06 1.68620391e-06 1.42648483e-06 1.20626546e-06
 1.01957964e-06 8.61355603e-07 7.27283079e-07 6.13699612e-07
 5.17494500e-07 4.36026090e-07 3.67051739e-07 3.08667793e-07
 2.59259252e-07 2.17455924e-07 1.82095813e-07 1.52193782e-07
 1.26914849e-07 1.05551529e-07 8.75046085e-08 7.22667917e-08
 5.94088390e-08 4.85677632e-08 3.94368816e-08 3.17573556e-08
 2.53110294e-08 1.99144185e-08 1.54136035e-08 1.16799542e-08
 8.60655164e-09 6.10520675e-09 4.10401097e-09 2.54534378e-09
 1.38426068e-09 5.86503416e-10 1.29428030e-10]","[7.56276242e-10 3.44758932e-09 8.21954170e-09 1.53294875e-08
 2.51682774e-08 3.82696415e-08 5.53428596e-08 7.73101801e-08
 1.05355547e-07 1.40986815e-07 1.86115021e-07 2.43155118e-07
 3.15151026e-07 4.05936880e-07 5.20333216e-07 6.64400808e-07
 8.45749659e-07 1.07393474e-06 1.36094434e-06 1.72181500e-06
 2.17539689e-06 2.74530878e-06 3.46113789e-06 4.35992055e-06
 5.48801232e-06 6.90338197e-06 8.67850561e-06 1.09039424e-05
 1.36927745e-05 1.71861578e-05 2.15601566e-05 2.70342515e-05
 3.38818863e-05 4.24434656e-05 5.31425327e-05 6.65055567e-05
 8.31865863e-05 1.03997352e-04 1.29944506e-04 1.62275292e-04
 2.02533650e-04 2.52628322e-04 3.14917161e-04 3.92309819e-04
 4.88390602e-04 6.07571893e-04 7.55275538e-04 9.38155562e-04
 1.16436629e-03 1.44387896e-03 1.78887171e-03 2.21418188e-03
 2.73785633e-03 3.38178614e-03 4.17246631e-03 5.14187480e-03
 6.32848394e-03 7.77843577e-03 9.54684686e-03 1.16992797e-02
 1.43133391e-02 1.74803653e-02 2.13071304e-02 2.59174794e-02
 3.14536561e-02 3.80771316e-02 4.59684942e-02 5.53258903e-02
 6.63613480e-02 7.92939813e-02 9.43392390e-02 1.11692656e-01
 1.31507345e-01 1.53864323e-01 1.78735923e-01 2.05943539e-01
 2.35115476e-01 2.65649746e-01 2.96695849e-01 3.27165136e-01
 3.55783941e-01 3.81194236e-01 4.02093517e-01 4.17393380e-01
 4.26361192e-01 4.28711189e-01 4.24620999e-01 4.14675097e-01
 3.99754235e-01 3.80903426e-01 3.59205326e-01 3.35680712e-01
 3.11222129e-01 2.86560496e-01 2.62258202e-01 2.38719805e-01
 2.16214076e-01 1.94901336e-01 1.74861358e-01 1.56119599e-01
 1.38669728e-01 1.22491226e-01 1.07561086e-01 9.38595543e-02
 8.13701599e-02 7.00758105e-02 5.99530422e-02 5.09667197e-02
 4.30669598e-02 3.61888471e-02 3.02547231e-02 2.51780962e-02
 2.08681284e-02 1.72338033e-02 1.41874402e-02 1.16471473e-02
 9.53833932e-03 7.79450854e-03 6.35730095e-03 5.17623300e-03
 4.20808797e-03 3.41623476e-03 2.76982835e-03 2.24307222e-03
 1.81448818e-03 1.46627677e-03 1.18373583e-03 9.54756772e-04
 7.69396551e-04 6.19504906e-04 4.98416893e-04 4.00690595e-04
 3.21890426e-04 2.58405675e-04 2.07302275e-04 1.66197874e-04
 1.33161225e-04 1.06628033e-04 8.53329800e-05 6.82532812e-05
 5.45633415e-05 4.35971467e-05 3.48179949e-05 2.77936654e-05
 2.21764825e-05 1.76868464e-05 1.41002372e-05 1.12364109e-05
 8.95080900e-06 7.12745353e-06 5.67346901e-06 4.51453251e-06
 3.59112364e-06 2.85567145e-06 2.27011670e-06 1.80408922e-06
 1.43330736e-06 1.13840572e-06 9.03929843e-07 7.17557432e-07
 5.69462609e-07 4.51818308e-07 3.58390525e-07 2.84213598e-07
 2.25337120e-07 1.78616632e-07 1.41551912e-07 1.12154661e-07
 8.88437509e-08 7.03635565e-08 5.57162230e-08 4.41094001e-08
 3.49140656e-08 2.76302361e-08 2.18621512e-08 1.72950757e-08
 1.36796795e-08 1.08182279e-08 8.55385884e-09 6.76235034e-09
 5.34519158e-09 4.22434817e-09 3.33803616e-09 2.63725601e-09
 2.08329622e-09 1.64544902e-09 1.29943679e-09 1.02604071e-09
 8.10049055e-10 6.39433391e-10 5.04685240e-10 3.98276837e-10
 3.14262865e-10 2.47935446e-10 1.95580268e-10 1.54258907e-10
 1.21650590e-10 9.59223538e-11 7.56232671e-11 5.96110039e-11
 4.69804781e-11 3.70196488e-11 2.91650938e-11 2.29716605e-11
 1.80892697e-11 1.42400440e-11 1.12064087e-11 8.81544573e-12
 6.93134300e-12 5.44679148e-12 4.27718089e-12 3.35577810e-12
 2.63000166e-12 2.05839365e-12 1.60827367e-12 1.25387989e-12
 9.74908637e-13 7.55370148e-13 5.82641208e-13 4.46806853e-13
 3.40057808e-13 2.56244626e-13 1.90554330e-13 1.39205951e-13
 9.92548343e-14 6.83895389e-14 4.48391949e-14 2.72399788e-14
 1.45757436e-14 6.10457438e-15 1.33797445e-15]","[1.26086452e-07 5.71041993e-07 1.34647286e-06 2.47245623e-06
 3.97934415e-06 5.90666294e-06 8.30477438e-06 1.12361163e-05
 1.47766918e-05 1.90179287e-05 2.40688893e-05 3.00589401e-05
 3.71408901e-05 4.54946500e-05 5.53316412e-05 6.68997962e-05
 8.04895775e-05 9.64408407e-05 1.15150959e-04 1.37084207e-04
 1.62782782e-04 1.92879449e-04 2.28112576e-04 2.69343117e-04
 3.17574858e-04 3.73977578e-04 4.39914275e-04 5.16972281e-04
 6.07000071e-04 7.12149423e-04 8.34924472e-04 9.78238887e-04
 1.14548194e-03 1.34059510e-03 1.56816116e-03 1.83350685e-03
 2.14282356e-03 2.50330308e-03 2.92329998e-03 3.41251636e-03
 3.98221697e-03 4.64547141e-03 5.41744454e-03 6.31572746e-03
 7.36070578e-03 8.57600326e-03 9.98897185e-03 1.16312643e-02
 1.35394839e-02 1.57559048e-02 1.83293115e-02 2.13159190e-02
 2.47804225e-02 2.87971096e-02 3.34511289e-02 3.88398231e-02
 4.50741370e-02 5.22800744e-02 6.06001099e-02 7.01945544e-02
 8.12426479e-02 9.39432764e-02 1.08515061e-01 1.25195545e-01
 1.44238903e-01 1.65911806e-01 1.90486620e-01 2.18230954e-01
 2.49392937e-01 2.84180042e-01 3.22731968e-01 3.65084561e-01
 4.11126141e-01 4.60546322e-01 5.12780765e-01 5.66956731e-01
 6.21853254e-01 6.75885027e-01 7.27135315e-01 7.73447702e-01
 8.12593244e-01 8.42504238e-01 8.61542888e-01 8.68754583e-01
 8.64039898e-01 8.48197581e-01 8.22820968e-01 7.90078004e-01
 7.52431165e-01 7.12363752e-01 6.72155086e-01 6.33730926e-01
 5.98584629e-01 5.67756197e-01 5.41849478e-01 5.21069248e-01
 5.05267414e-01 4.93992422e-01 4.86540241e-01 4.82009503e-01
 4.79365073e-01 4.77512045e-01 4.75378410e-01 4.72000253e-01
 4.66597223e-01 4.58626682e-01 4.47807622e-01 4.34110788e-01
 4.17722203e-01 3.98989673e-01 3.78364131e-01 3.56345549e-01
 3.33437347e-01 3.10113879e-01 2.86799599e-01 2.63856650e-01
 2.41581275e-01 2.20204679e-01 1.99897811e-01 1.80778373e-01
 1.62917354e-01 1.46347597e-01 1.31070660e-01 1.17063501e-01
 1.04284406e-01 9.26780136e-02 8.21795913e-02 7.27185372e-02
 6.42211725e-02 5.66130037e-02 4.98203989e-02 4.37718734e-02
 3.83990323e-02 3.36371625e-02 2.94256503e-02 2.57081911e-02
 2.24328389e-02 1.95519625e-02 1.70221518e-02 1.48039937e-02
 1.28618845e-02 1.11637732e-02 9.68090702e-03 8.38757967e-03
 7.26086721e-03 6.28038627e-03 5.42805146e-03 4.68785568e-03
 4.04566023e-03 3.48899982e-03 3.00690274e-03 2.58973537e-03
 2.22904155e-03 1.91741865e-03 1.64839210e-03 1.41630548e-03
 1.21622556e-03 1.04385313e-03 8.95446821e-04 7.67754055e-04
 6.57949689e-04 5.63582664e-04 4.82528324e-04 4.12946511e-04
 3.53244935e-04 3.02046834e-04 2.58162846e-04 2.20566197e-04
 1.88371170e-04 1.60814206e-04 1.37237555e-04 1.17074974e-04
 9.98392554e-05 8.51115259e-05 7.25318186e-05 6.17909932e-05
 5.26236772e-05 4.48022170e-05 3.81313980e-05 3.24439223e-05
 2.75964966e-05 2.34663918e-05 1.99485988e-05 1.69532861e-05
 1.44036368e-05 1.22339928e-05 1.03882605e-05 8.81853148e-06
 7.48390932e-06 6.34949229e-06 5.38550640e-06 4.56656302e-06
 3.87101725e-06 3.28042471e-06 2.77907283e-06 2.35357877e-06
 1.99255120e-06 1.68629404e-06 1.42655737e-06 1.20632396e-06
 1.01962701e-06 8.61394600e-07 7.27315114e-07 6.13726270e-07
 5.17517073e-07 4.36045445e-07 3.67068368e-07 3.08682328e-07
 2.59272030e-07 2.17467179e-07 1.82105696e-07 1.52202463e-07
 1.26922436e-07 1.05558148e-07 8.75103765e-08 7.22718197e-08
 5.94132124e-08 4.85715653e-08 3.94401736e-08 3.17601814e-08
 2.53134265e-08 1.99164163e-08 1.54152232e-08 1.16812258e-08
 8.60750726e-09 6.10589141e-09 4.10446836e-09 2.54562375e-09
 1.38441020e-09 5.86565993e-10 1.29441685e-10]","[1.25330159e-07 5.67594322e-07 1.33825312e-06 2.45712634e-06
 3.95417520e-06 5.86839224e-06 8.24942996e-06 1.11588040e-05
 1.46713335e-05 1.88769384e-05 2.38827700e-05 2.98157800e-05
 3.68257328e-05 4.50887060e-05 5.48112997e-05 6.62353857e-05
 7.96438165e-05 9.53668924e-05 1.13789998e-04 1.35362374e-04
 1.60607365e-04 1.90134117e-04 2.24651413e-04 2.64983166e-04
 3.12086815e-04 3.67074162e-04 4.31235731e-04 5.06068302e-04
 5.93307252e-04 6.94963215e-04 8.13364264e-04 9.51204578e-04
 1.11160000e-03 1.29815157e-03 1.51501856e-03 1.76700122e-03
 2.05963694e-03 2.39930569e-03 2.79335544e-03 3.25024104e-03
 3.77968331e-03 4.39284308e-03 5.10252740e-03 5.92341767e-03
 6.87231525e-03 7.96843151e-03 9.23369651e-03 1.06931089e-02
 1.23751180e-02 1.43120262e-02 1.65404403e-02 1.91017379e-02
 2.20425671e-02 2.54153241e-02 2.92786637e-02 3.36979495e-02
 3.87456544e-02 4.45016405e-02 5.10532651e-02 5.84952772e-02
 6.69293106e-02 7.64629136e-02 8.72079336e-02 9.92780684e-02
 1.12785250e-01 1.27834677e-01 1.44518129e-01 1.62905067e-01
 1.83031592e-01 2.04886062e-01 2.28392730e-01 2.53391908e-01
 2.79618801e-01 3.06682001e-01 3.34044848e-01 3.61013194e-01
 3.86737768e-01 4.10235273e-01 4.30439458e-01 4.46282561e-01
 4.56809293e-01 4.61309991e-01 4.59449363e-01 4.51361196e-01
 4.37678687e-01 4.19486376e-01 3.98199961e-01 3.75402907e-01
 3.52676931e-01 3.31460319e-01 3.12949756e-01 2.98050209e-01
 2.87362500e-01 2.81195701e-01 2.79591285e-01 2.82349448e-01
 2.89053343e-01 2.99091093e-01 3.11678887e-01 3.25889911e-01
 3.40695348e-01 3.55020824e-01 3.67817329e-01 3.78140703e-01
 3.85227066e-01 3.88550876e-01 3.87854582e-01 3.83144072e-01
 3.74655246e-01 3.62800827e-01 3.48109409e-01 3.31167454e-01
 3.12569218e-01 2.92880076e-01 2.72612159e-01 2.52209503e-01
 2.32042935e-01 2.12410170e-01 1.93540510e-01 1.75602139e-01
 1.58709266e-01 1.42931362e-01 1.28300831e-01 1.14820429e-01
 1.02469917e-01 9.12117364e-02 8.09958551e-02 7.17637800e-02
 6.34517756e-02 5.59934985e-02 4.93219817e-02 4.33711827e-02
 3.80771416e-02 3.33787567e-02 2.92183479e-02 2.55419931e-02
 2.22996776e-02 1.94453344e-02 1.69368187e-02 1.47357404e-02
 1.28073211e-02 1.11201760e-02 9.64608899e-03 8.35978596e-03
 7.23869070e-03 6.26269940e-03 5.41395121e-03 4.67661926e-03
 4.03670941e-03 3.48187237e-03 3.00122926e-03 2.58522084e-03
 2.22545042e-03 1.91456298e-03 1.64612198e-03 1.41450139e-03
 1.21479226e-03 1.04271473e-03 8.94542897e-04 7.67036505e-04
 6.57380233e-04 5.63130852e-04 4.82169940e-04 4.12662304e-04
 3.53019604e-04 3.01868223e-04 2.58021299e-04 2.20454047e-04
 1.88282331e-04 1.60743847e-04 1.37181842e-04 1.17030868e-04
 9.98043442e-05 8.50838981e-05 7.25099587e-05 6.17737002e-05
 5.26099993e-05 4.47914003e-05 3.81228454e-05 3.24371611e-05
 2.75911525e-05 2.34621683e-05 1.99452615e-05 1.69506494e-05
 1.44015540e-05 1.22323478e-05 1.03869614e-05 8.81750566e-06
 7.48309943e-06 6.34885296e-06 5.38500178e-06 4.56616476e-06
 3.87070299e-06 3.28017676e-06 2.77887721e-06 2.35342445e-06
 1.99242948e-06 1.68619804e-06 1.42648166e-06 1.20626426e-06
 1.01957995e-06 8.61357495e-07 7.27285868e-07 6.13703221e-07
 5.17498913e-07 4.36031140e-07 3.67057102e-07 3.08673459e-07
 2.59265051e-07 2.17461689e-07 1.82101380e-07 1.52199073e-07
 1.26919776e-07 1.05556062e-07 8.75087447e-08 7.22705453e-08
 5.94122197e-08 4.85707946e-08 3.94395778e-08 3.17597235e-08
 2.53130772e-08 1.99161525e-08 1.54150266e-08 1.16810819e-08
 8.60740449e-09 6.10582048e-09 4.10442179e-09 2.54559543e-09
 1.38439503e-09 5.86559636e-10 1.29440291e-10]","[7.56293208e-10 3.44767093e-09 8.21973567e-09 1.53298875e-08
 2.51689434e-08 3.82707063e-08 5.53444241e-08 7.73123315e-08
 1.05358386e-07 1.40990284e-07 1.86119275e-07 2.43160139e-07
 3.15157284e-07 4.05944025e-07 5.20341451e-07 6.64410521e-07
 8.45761034e-07 1.07394830e-06 1.36096043e-06 1.72183271e-06
 2.17541727e-06 2.74533273e-06 3.46116353e-06 4.35995062e-06
 5.48804322e-06 6.90341672e-06 8.67854411e-06 1.09039788e-05
 1.36928184e-05 1.71862081e-05 2.15602080e-05 2.70343087e-05
 3.38819398e-05 4.24435331e-05 5.31425933e-05 6.65056234e-05
 8.31866235e-05 1.03997389e-04 1.29944535e-04 1.62275319e-04
 2.02533662e-04 2.52628327e-04 3.14917139e-04 3.92309792e-04
 4.88390530e-04 6.07571754e-04 7.55275338e-04 9.38155394e-04
 1.16436592e-03 1.44387865e-03 1.78887121e-03 2.21418115e-03
 2.73785545e-03 3.38178546e-03 4.17246516e-03 5.14187363e-03
 6.32848269e-03 7.77843389e-03 9.54684475e-03 1.16992772e-02
 1.43133373e-02 1.74803627e-02 2.13071278e-02 2.59174769e-02
 3.14536526e-02 3.80771289e-02 4.59684914e-02 5.53258864e-02
 6.63613449e-02 7.92939800e-02 9.43392382e-02 1.11692653e-01
 1.31507340e-01 1.53864321e-01 1.78735917e-01 2.05943537e-01
 2.35115486e-01 2.65649754e-01 2.96695857e-01 3.27165142e-01
 3.55783951e-01 3.81194248e-01 4.02093525e-01 4.17393387e-01
 4.26361210e-01 4.28711205e-01 4.24621007e-01 4.14675096e-01
 3.99754234e-01 3.80903433e-01 3.59205331e-01 3.35680716e-01
 3.11222129e-01 2.86560496e-01 2.62258194e-01 2.38719800e-01
 2.16214071e-01 1.94901329e-01 1.74861353e-01 1.56119593e-01
 1.38669725e-01 1.22491222e-01 1.07561082e-01 9.38595497e-02
 8.13701568e-02 7.00758053e-02 5.99530398e-02 5.09667168e-02
 4.30669572e-02 3.61888458e-02 3.02547223e-02 2.51780954e-02
 2.08681284e-02 1.72338030e-02 1.41874400e-02 1.16471473e-02
 9.53833961e-03 7.79450898e-03 6.35730135e-03 5.17623338e-03
 4.20808831e-03 3.41623528e-03 2.76982864e-03 2.24307255e-03
 1.81448864e-03 1.46627728e-03 1.18373616e-03 9.54757114e-04
 7.69396885e-04 6.19505135e-04 4.98417155e-04 4.00690746e-04
 3.21890639e-04 2.58405850e-04 2.07302450e-04 1.66198013e-04
 1.33161352e-04 1.06628124e-04 8.53330969e-05 6.82533547e-05
 5.45634102e-05 4.35972045e-05 3.48180335e-05 2.77937085e-05
 2.21765112e-05 1.76868727e-05 1.41002567e-05 1.12364233e-05
 8.95081919e-06 7.12745803e-06 5.67347667e-06 4.51453637e-06
 3.59112735e-06 2.85567030e-06 2.27011599e-06 1.80408588e-06
 1.43330356e-06 1.13840025e-06 9.03923992e-07 7.17550349e-07
 5.69455452e-07 4.51811973e-07 3.58383882e-07 2.84207513e-07
 2.25331316e-07 1.78611087e-07 1.41546956e-07 1.12149835e-07
 8.88393189e-08 7.03595268e-08 5.57126542e-08 4.41061571e-08
 3.49111169e-08 2.76277552e-08 2.18599551e-08 1.72930227e-08
 1.36779319e-08 1.08166123e-08 8.55254738e-09 6.76120604e-09
 5.34419607e-09 4.22350568e-09 3.33730309e-09 2.63668315e-09
 2.08282488e-09 1.64508049e-09 1.29915304e-09 1.02582599e-09
 8.09896380e-10 6.39331922e-10 5.04626581e-10 3.98250854e-10
 3.14262458e-10 2.47957309e-10 1.95618239e-10 1.54314491e-10
 1.21718887e-10 9.59993234e-11 7.57071781e-11 5.96981874e-11
 4.70679014e-11 3.71051185e-11 2.92464103e-11 2.30482606e-11
 1.81597600e-11 1.43052127e-11 1.12655867e-11 8.86898959e-12
 6.97965119e-12 5.49005881e-12 4.31587594e-12 3.39020005e-12
 2.66046462e-12 2.08522847e-12 1.63179993e-12 1.27439278e-12
 9.92715988e-13 7.70724035e-13 5.95779565e-13 4.57918100e-13
 3.49313724e-13 2.63804850e-13 1.96581079e-13 1.43884899e-13
 1.02763563e-13 7.09206598e-14 4.65637255e-14 2.83219921e-14
 1.51697161e-14 6.35714555e-15 1.39396734e-15]",,"[-1.15000000e+01 -1.14000000e+01 -1.13000000e+01 -1.12000000e+01
 -1.11000000e+01 -1.10000000e+01 -1.09000000e+01 -1.08000000e+01
 -1.07000000e+01 -1.06000000e+01 -1.05000000e+01 -1.04000000e+01
 -1.03000000e+01 -1.02000000e+01 -1.01000000e+01 -1.00000000e+01
 -9.90000000e+00 -9.80000000e+00 -9.70000000e+00 -9.60000000e+00
 -9.50000000e+00 -9.40000000e+00 -9.30000000e+00 -9.20000000e+00
 -9.10000000e+00 -9.00000000e+00 -8.90000000e+00 -8.80000000e+00
 -8.70000000e+00 -8.60000000e+00 -8.50000000e+00 -8.40000000e+00
 -8.30000000e+00 -8.20000000e+00 -8.10000000e+00 -8.00000000e+00
 -7.90000000e+00 -7.80000000e+00 -7.70000000e+00 -7.60000000e+00
 -7.50000000e+00 -7.40000000e+00 -7.30000000e+00 -7.20000000e+00
 -7.10000000e+00 -7.00000000e+00 -6.90000000e+00 -6.80000000e+00
 -6.70000000e+00 -6.60000000e+00 -6.50000000e+00 -6.40000000e+00
 -6.30000000e+00 -6.20000000e+00 -6.10000000e+00 -6.00000000e+00
 -5.90000000e+00 -5.80000000e+00 -5.70000000e+00 -5.60000000e+00
 -5.50000000e+00 -5.40000000e+00 -5.30000000e+00 -5.20000000e+00
 -5.10000000e+00 -5.00000000e+00 -4.90000000e+00 -4.80000000e+00
 -4.70000000e+00 -4.60000000e+00 -4.50000000e+00 -4.40000000e+00
 -4.30000000e+00 -4.20000000e+00 -4.10000000e+00 -4.00000000e+00
 -3.90000000e+00 -3.80000000e+00 -3.70000000e+00 -3.60000000e+00
 -3.50000000e+00 -3.40000000e+00 -3.30000000e+00 -3.20000000e+00
 -3.10000000e+00 -3.00000000e+00 -2.90000000e+00 -2.80000000e+00
 -2.70000000e+00 -2.60000000e+00 -2.50000000e+00 -2.40000000e+00
 -2.30000000e+00 -2.20000000e+00 -2.10000000e+00 -2.00000000e+00
 -1.90000000e+00 -1.80000000e+00 -1.70000000e+00 -1.60000000e+00
 -1.50000000e+00 -1.40000000e+00 -1.30000000e+00 -1.20000000e+00
 -1.10000000e+00 -1.00000000e+00 -9.00000000e-01 -8.00000000e-01
 -7.00000000e-01 -6.00000000e-01 -5.00000000e-01 -4.00000000e-01
 -3.00000000e-01 -2.00000000e-01 -1.00000000e-01 -4.08562073e-14
  1.00000000e-01  2.00000000e-01  3.00000000e-01  4.00000000e-01
  5.00000000e-01  6.00000000e-01  7.00000000e-01  8.00000000e-01
  9.00000000e-01  1.00000000e+00  1.10000000e+00  1.20000000e+00
  1.30000000e+00  1.40000000e+00  1.50000000e+00  1.60000000e+00
  1.70000000e+00  1.80000000e+00  1.90000000e+00  2.00000000e+00
  2.10000000e+00  2.20000000e+00  2.30000000e+00  2.40000000e+00
  2.50000000e+00  2.60000000e+00  2.70000000e+00  2.80000000e+00
  2.90000000e+00  3.00000000e+00  3.10000000e+00  3.20000000e+00
  3.30000000e+00  3.40000000e+00  3.50000000e+00  3.60000000e+00
  3.70000000e+00  3.80000000e+00  3.90000000e+00  4.00000000e+00
  4.10000000e+00  4.20000000e+00  4.30000000e+00  4.40000000e+00
  4.50000000e+00  4.60000000e+00  4.70000000e+00  4.80000000e+00
  4.90000000e+00  5.00000000e+00  5.10000000e+00  5.20000000e+00
  5.30000000e+00  5.40000000e+00  5.50000000e+00  5.60000000e+00
  5.70000000e+00  5.80000000e+00  5.90000000e+00  6.00000000e+00
  6.10000000e+00  6.20000000e+00  6.30000000e+00  6.40000000e+00
  6.50000000e+00  6.60000000e+00  6.70000000e+00  6.80000000e+00
  6.90000000e+00  7.00000000e+00  7.10000000e+00  7.20000000e+00
  7.30000000e+00  7.40000000e+00  7.50000000e+00  7.60000000e+00
  7.70000000e+00  7.80000000e+00  7.90000000e+00  8.00000000e+00
  8.10000000e+00  8.20000000e+00  8.30000000e+00  8.40000000e+00
  8.50000000e+00  8.60000000e+00  8.70000000e+00  8.80000000e+00
  8.90000000e+00  9.00000000e+00  9.10000000e+00  9.20000000e+00
  9.30000000e+00  9.40000000e+00  9.50000000e+00  9.60000000e+00
  9.70000000e+00  9.80000000e+00  9.90000000e+00  1.00000000e+01
  1.01000000e+01  1.02000000e+01  1.03000000e+01  1.04000000e+01
  1.05000000e+01  1.06000000e+01  1.07000000e+01  1.08000000e+01
  1.09000000e+01  1.10000000e+01  1.11000000e+01  1.12000000e+01
  1.13000000e+01  1.14000000e+01  1.15000000e+01]",231
